/opt/carnd_p3/data/starter/IMG/center_2018_10_26_23_54_52_600.jpg,/opt/carnd_p3/data/starter/IMG/left_2018_10_26_23_54_52_600.jpg,/opt/carnd_p3/data/starter/IMG/right_2018_10_26_23_54_52_600.jpg,0,0,0,2.905216E-06
/opt/carnd_p3/data/starter/IMG/center_2018_10_26_23_54_52_677.jpg,/opt/carnd_p3/data/starter/IMG/left_2018_10_26_23_54_52_677.jpg,/opt/carnd_p3/data/starter/IMG/right_2018_10_26_23_54_52_677.jpg,0,0,0,3.436538E-06
/opt/carnd_p3/data/starter/IMG/center_2018_10_26_23_54_52_755.jpg,/opt/carnd_p3/data/starter/IMG/left_2018_10_26_23_54_52_755.jpg,/opt/carnd_p3/data/starter/IMG/right_2018_10_26_23_54_52_755.jpg,0,0,0,4.233829E-06
/opt/carnd_p3/data/starter/IMG/center_2018_10_26_23_54_52_831.jpg,/opt/carnd_p3/data/starter/IMG/left_2018_10_26_23_54_52_831.jpg,/opt/carnd_p3/data/starter/IMG/right_2018_10_26_23_54_52_831.jpg,0,0,0,5.297442E-06
/opt/carnd_p3/data/starter/IMG/center_2018_10_26_23_54_52_909.jpg,/opt/carnd_p3/data/starter/IMG/left_2018_10_26_23_54_52_909.jpg,/opt/carnd_p3/data/starter/IMG/right_2018_10_26_23_54_52_909.jpg,0,0,0,6.095282E-06
/opt/carnd_p3/data/starter/IMG/center_2018_10_26_23_54_52_989.jpg,/opt/carnd_p3/data/starter/IMG/left_2018_10_26_23_54_52_989.jpg,/opt/carnd_p3/data/starter/IMG/right_2018_10_26_23_54_52_989.jpg,0,0,0,1.712867E-06
/opt/carnd_p3/data/starter/IMG/center_2018_10_26_23_54_53_065.jpg,/opt/carnd_p3/data/starter/IMG/left_2018_10_26_23_54_53_065.jpg,/opt/carnd_p3/data/starter/IMG/right_2018_10_26_23_54_53_065.jpg,0,0,0,1.349356E-06
/opt/carnd_p3/data/starter/IMG/center_2018_10_26_23_54_53_141.jpg,/opt/carnd_p3/data/starter/IMG/left_2018_10_26_23_54_53_141.jpg,/opt/carnd_p3/data/starter/IMG/right_2018_10_26_23_54_53_141.jpg,0,0,0,3.436099E-06
/opt/carnd_p3/data/starter/IMG/center_2018_10_26_23_54_53_216.jpg,/opt/carnd_p3/data/starter/IMG/left_2018_10_26_23_54_53_216.jpg,/opt/carnd_p3/data/starter/IMG/right_2018_10_26_23_54_53_216.jpg,0,0,0,1.007677E-05
/opt/carnd_p3/data/starter/IMG/center_2018_10_26_23_54_53_296.jpg,/opt/carnd_p3/data/starter/IMG/left_2018_10_26_23_54_53_296.jpg,/opt/carnd_p3/data/starter/IMG/right_2018_10_26_23_54_53_296.jpg,0,0,0,2.507073E-06
/opt/carnd_p3/data/starter/IMG/center_2018_10_26_23_54_53_377.jpg,/opt/carnd_p3/data/starter/IMG/left_2018_10_26_23_54_53_377.jpg,/opt/carnd_p3/data/starter/IMG/right_2018_10_26_23_54_53_377.jpg,0,0,0,3.237572E-06
/opt/carnd_p3/data/starter/IMG/center_2018_10_26_23_54_53_462.jpg,/opt/carnd_p3/data/starter/IMG/left_2018_10_26_23_54_53_462.jpg,/opt/carnd_p3/data/starter/IMG/right_2018_10_26_23_54_53_462.jpg,0,0,0,3.835305E-06
/opt/carnd_p3/data/starter/IMG/center_2018_10_26_23_54_53_539.jpg,/opt/carnd_p3/data/starter/IMG/left_2018_10_26_23_54_53_539.jpg,/opt/carnd_p3/data/starter/IMG/right_2018_10_26_23_54_53_539.jpg,0,0,0,4.566203E-06
/opt/carnd_p3/data/starter/IMG/center_2018_10_26_23_54_53_614.jpg,/opt/carnd_p3/data/starter/IMG/left_2018_10_26_23_54_53_614.jpg,/opt/carnd_p3/data/starter/IMG/right_2018_10_26_23_54_53_614.jpg,0,0,0,5.097965E-06
/opt/carnd_p3/data/starter/IMG/center_2018_10_26_23_54_53_691.jpg,/opt/carnd_p3/data/starter/IMG/left_2018_10_26_23_54_53_691.jpg,/opt/carnd_p3/data/starter/IMG/right_2018_10_26_23_54_53_691.jpg,0,0,0,1.350366E-06
/opt/carnd_p3/data/starter/IMG/center_2018_10_26_23_54_53_767.jpg,/opt/carnd_p3/data/starter/IMG/left_2018_10_26_23_54_53_767.jpg,/opt/carnd_p3/data/starter/IMG/right_2018_10_26_23_54_53_767.jpg,0,0,0,6.560706E-06
/opt/carnd_p3/data/starter/IMG/center_2018_10_26_23_54_53_843.jpg,/opt/carnd_p3/data/starter/IMG/left_2018_10_26_23_54_53_843.jpg,/opt/carnd_p3/data/starter/IMG/right_2018_10_26_23_54_53_843.jpg,0,0,0,4.673742E-07
/opt/carnd_p3/data/starter/IMG/center_2018_10_26_23_54_53_922.jpg,/opt/carnd_p3/data/starter/IMG/left_2018_10_26_23_54_53_922.jpg,/opt/carnd_p3/data/starter/IMG/right_2018_10_26_23_54_53_922.jpg,0,0,0,3.037233E-06
/opt/carnd_p3/data/starter/IMG/center_2018_10_26_23_54_54_001.jpg,/opt/carnd_p3/data/starter/IMG/left_2018_10_26_23_54_54_001.jpg,/opt/carnd_p3/data/starter/IMG/right_2018_10_26_23_54_54_001.jpg,0,0,0,1.844398E-06
/opt/carnd_p3/data/starter/IMG/center_2018_10_26_23_54_54_081.jpg,/opt/carnd_p3/data/starter/IMG/left_2018_10_26_23_54_54_081.jpg,/opt/carnd_p3/data/starter/IMG/right_2018_10_26_23_54_54_081.jpg,0,0,0,6.082028E-07
/opt/carnd_p3/data/starter/IMG/center_2018_10_26_23_54_54_159.jpg,/opt/carnd_p3/data/starter/IMG/left_2018_10_26_23_54_54_159.jpg,/opt/carnd_p3/data/starter/IMG/right_2018_10_26_23_54_54_159.jpg,0,0,0,2.427248E-07
/opt/carnd_p3/data/starter/IMG/center_2018_10_26_23_54_54_237.jpg,/opt/carnd_p3/data/starter/IMG/left_2018_10_26_23_54_54_237.jpg,/opt/carnd_p3/data/starter/IMG/right_2018_10_26_23_54_54_237.jpg,0,0,0,8.006544E-07
/opt/carnd_p3/data/starter/IMG/center_2018_10_26_23_54_54_317.jpg,/opt/carnd_p3/data/starter/IMG/left_2018_10_26_23_54_54_317.jpg,/opt/carnd_p3/data/starter/IMG/right_2018_10_26_23_54_54_317.jpg,0,0,0,1.583406E-06
/opt/carnd_p3/data/starter/IMG/center_2018_10_26_23_54_54_399.jpg,/opt/carnd_p3/data/starter/IMG/left_2018_10_26_23_54_54_399.jpg,/opt/carnd_p3/data/starter/IMG/right_2018_10_26_23_54_54_399.jpg,0,0,0,2.111896E-06
/opt/carnd_p3/data/starter/IMG/center_2018_10_26_23_54_54_485.jpg,/opt/carnd_p3/data/starter/IMG/left_2018_10_26_23_54_54_485.jpg,/opt/carnd_p3/data/starter/IMG/right_2018_10_26_23_54_54_485.jpg,0,0,0,2.774758E-06
/opt/carnd_p3/data/starter/IMG/center_2018_10_26_23_54_54_561.jpg,/opt/carnd_p3/data/starter/IMG/left_2018_10_26_23_54_54_561.jpg,/opt/carnd_p3/data/starter/IMG/right_2018_10_26_23_54_54_561.jpg,0,0,0,3.172333E-06
/opt/carnd_p3/data/starter/IMG/center_2018_10_26_23_54_54_638.jpg,/opt/carnd_p3/data/starter/IMG/left_2018_10_26_23_54_54_638.jpg,/opt/carnd_p3/data/starter/IMG/right_2018_10_26_23_54_54_638.jpg,0,0,0,3.769872E-06
/opt/carnd_p3/data/starter/IMG/center_2018_10_26_23_54_54_717.jpg,/opt/carnd_p3/data/starter/IMG/left_2018_10_26_23_54_54_717.jpg,/opt/carnd_p3/data/starter/IMG/right_2018_10_26_23_54_54_717.jpg,0,0,0,4.434279E-06
/opt/carnd_p3/data/starter/IMG/center_2018_10_26_23_54_54_803.jpg,/opt/carnd_p3/data/starter/IMG/left_2018_10_26_23_54_54_803.jpg,/opt/carnd_p3/data/starter/IMG/right_2018_10_26_23_54_54_803.jpg,0,0,0,4.965688E-06
/opt/carnd_p3/data/starter/IMG/center_2018_10_26_23_54_54_886.jpg,/opt/carnd_p3/data/starter/IMG/left_2018_10_26_23_54_54_886.jpg,/opt/carnd_p3/data/starter/IMG/right_2018_10_26_23_54_54_886.jpg,0,0,0,5.630366E-06
/opt/carnd_p3/data/starter/IMG/center_2018_10_26_23_54_54_977.jpg,/opt/carnd_p3/data/starter/IMG/left_2018_10_26_23_54_54_977.jpg,/opt/carnd_p3/data/starter/IMG/right_2018_10_26_23_54_54_977.jpg,0,0,0,6.361654E-06
/opt/carnd_p3/data/starter/IMG/center_2018_10_26_23_54_55_059.jpg,/opt/carnd_p3/data/starter/IMG/left_2018_10_26_23_54_55_059.jpg,/opt/carnd_p3/data/starter/IMG/right_2018_10_26_23_54_55_059.jpg,0,0,0,1.286386E-06
/opt/carnd_p3/data/starter/IMG/center_2018_10_26_23_54_55_134.jpg,/opt/carnd_p3/data/starter/IMG/left_2018_10_26_23_54_55_134.jpg,/opt/carnd_p3/data/starter/IMG/right_2018_10_26_23_54_55_134.jpg,0,0,0,3.636001E-06
/opt/carnd_p3/data/starter/IMG/center_2018_10_26_23_54_55_215.jpg,/opt/carnd_p3/data/starter/IMG/left_2018_10_26_23_54_55_215.jpg,/opt/carnd_p3/data/starter/IMG/right_2018_10_26_23_54_55_215.jpg,0,0,0,2.838366E-06
/opt/carnd_p3/data/starter/IMG/center_2018_10_26_23_54_55_316.jpg,/opt/carnd_p3/data/starter/IMG/left_2018_10_26_23_54_55_316.jpg,/opt/carnd_p3/data/starter/IMG/right_2018_10_26_23_54_55_316.jpg,0,0.3013501,0,0.2103692
/opt/carnd_p3/data/starter/IMG/center_2018_10_26_23_54_55_391.jpg,/opt/carnd_p3/data/starter/IMG/left_2018_10_26_23_54_55_391.jpg,/opt/carnd_p3/data/starter/IMG/right_2018_10_26_23_54_55_391.jpg,0,0.5075068,0,0.5086662
/opt/carnd_p3/data/starter/IMG/center_2018_10_26_23_54_55_482.jpg,/opt/carnd_p3/data/starter/IMG/left_2018_10_26_23_54_55_482.jpg,/opt/carnd_p3/data/starter/IMG/right_2018_10_26_23_54_55_482.jpg,0,0.2396543,0,0.9231617
/opt/carnd_p3/data/starter/IMG/center_2018_10_26_23_54_55_576.jpg,/opt/carnd_p3/data/starter/IMG/left_2018_10_26_23_54_55_576.jpg,/opt/carnd_p3/data/starter/IMG/right_2018_10_26_23_54_55_576.jpg,0,0,0,0.9873962
/opt/carnd_p3/data/starter/IMG/center_2018_10_26_23_54_55_660.jpg,/opt/carnd_p3/data/starter/IMG/left_2018_10_26_23_54_55_660.jpg,/opt/carnd_p3/data/starter/IMG/right_2018_10_26_23_54_55_660.jpg,0,0,0,0.9774342
/opt/carnd_p3/data/starter/IMG/center_2018_10_26_23_54_55_737.jpg,/opt/carnd_p3/data/starter/IMG/left_2018_10_26_23_54_55_737.jpg,/opt/carnd_p3/data/starter/IMG/right_2018_10_26_23_54_55_737.jpg,0,0,0,0.9695863
/opt/carnd_p3/data/starter/IMG/center_2018_10_26_23_54_55_814.jpg,/opt/carnd_p3/data/starter/IMG/left_2018_10_26_23_54_55_814.jpg,/opt/carnd_p3/data/starter/IMG/right_2018_10_26_23_54_55_814.jpg,0,0,0,0.9618021
/opt/carnd_p3/data/starter/IMG/center_2018_10_26_23_54_55_892.jpg,/opt/carnd_p3/data/starter/IMG/left_2018_10_26_23_54_55_892.jpg,/opt/carnd_p3/data/starter/IMG/right_2018_10_26_23_54_55_892.jpg,0,0,0,0.9540804
/opt/carnd_p3/data/starter/IMG/center_2018_10_26_23_54_55_971.jpg,/opt/carnd_p3/data/starter/IMG/left_2018_10_26_23_54_55_971.jpg,/opt/carnd_p3/data/starter/IMG/right_2018_10_26_23_54_55_971.jpg,0,0.1505578,0,1.010977
/opt/carnd_p3/data/starter/IMG/center_2018_10_26_23_54_56_056.jpg,/opt/carnd_p3/data/starter/IMG/left_2018_10_26_23_54_56_056.jpg,/opt/carnd_p3/data/starter/IMG/right_2018_10_26_23_54_56_056.jpg,0,0.3884575,0,1.332245
/opt/carnd_p3/data/starter/IMG/center_2018_10_26_23_54_56_134.jpg,/opt/carnd_p3/data/starter/IMG/left_2018_10_26_23_54_56_134.jpg,/opt/carnd_p3/data/starter/IMG/right_2018_10_26_23_54_56_134.jpg,0,0.4699702,0,1.805405
/opt/carnd_p3/data/starter/IMG/center_2018_10_26_23_54_56_211.jpg,/opt/carnd_p3/data/starter/IMG/left_2018_10_26_23_54_56_211.jpg,/opt/carnd_p3/data/starter/IMG/right_2018_10_26_23_54_56_211.jpg,0,0.2393904,0,2.024035
/opt/carnd_p3/data/starter/IMG/center_2018_10_26_23_54_56_283.jpg,/opt/carnd_p3/data/starter/IMG/left_2018_10_26_23_54_56_283.jpg,/opt/carnd_p3/data/starter/IMG/right_2018_10_26_23_54_56_283.jpg,0,0.008635998,0,2.148876
/opt/carnd_p3/data/starter/IMG/center_2018_10_26_23_54_56_364.jpg,/opt/carnd_p3/data/starter/IMG/left_2018_10_26_23_54_56_364.jpg,/opt/carnd_p3/data/starter/IMG/right_2018_10_26_23_54_56_364.jpg,0,0,0,2.102484
/opt/carnd_p3/data/starter/IMG/center_2018_10_26_23_54_56_441.jpg,/opt/carnd_p3/data/starter/IMG/left_2018_10_26_23_54_56_441.jpg,/opt/carnd_p3/data/starter/IMG/right_2018_10_26_23_54_56_441.jpg,0,0,0,2.085596
/opt/carnd_p3/data/starter/IMG/center_2018_10_26_23_54_56_520.jpg,/opt/carnd_p3/data/starter/IMG/left_2018_10_26_23_54_56_520.jpg,/opt/carnd_p3/data/starter/IMG/right_2018_10_26_23_54_56_520.jpg,0,0.1587031,0,2.12682
/opt/carnd_p3/data/starter/IMG/center_2018_10_26_23_54_56_599.jpg,/opt/carnd_p3/data/starter/IMG/left_2018_10_26_23_54_56_599.jpg,/opt/carnd_p3/data/starter/IMG/right_2018_10_26_23_54_56_599.jpg,0,0.3942661,0,2.423796
/opt/carnd_p3/data/starter/IMG/center_2018_10_26_23_54_56_678.jpg,/opt/carnd_p3/data/starter/IMG/left_2018_10_26_23_54_56_678.jpg,/opt/carnd_p3/data/starter/IMG/right_2018_10_26_23_54_56_678.jpg,0,0.4694281,0,2.886573
/opt/carnd_p3/data/starter/IMG/center_2018_10_26_23_54_56_755.jpg,/opt/carnd_p3/data/starter/IMG/left_2018_10_26_23_54_56_755.jpg,/opt/carnd_p3/data/starter/IMG/right_2018_10_26_23_54_56_755.jpg,0,0.2385299,0,3.167482
/opt/carnd_p3/data/starter/IMG/center_2018_10_26_23_54_56_832.jpg,/opt/carnd_p3/data/starter/IMG/left_2018_10_26_23_54_56_832.jpg,/opt/carnd_p3/data/starter/IMG/right_2018_10_26_23_54_56_832.jpg,-0.2,0.008259058,0,3.194887
/opt/carnd_p3/data/starter/IMG/center_2018_10_26_23_54_56_905.jpg,/opt/carnd_p3/data/starter/IMG/left_2018_10_26_23_54_56_905.jpg,/opt/carnd_p3/data/starter/IMG/right_2018_10_26_23_54_56_905.jpg,-0.35,0,0,3.186321
/opt/carnd_p3/data/starter/IMG/center_2018_10_26_23_54_56_983.jpg,/opt/carnd_p3/data/starter/IMG/left_2018_10_26_23_54_56_983.jpg,/opt/carnd_p3/data/starter/IMG/right_2018_10_26_23_54_56_983.jpg,-0.2186973,0,0,3.158574
/opt/carnd_p3/data/starter/IMG/center_2018_10_26_23_54_57_059.jpg,/opt/carnd_p3/data/starter/IMG/left_2018_10_26_23_54_57_059.jpg,/opt/carnd_p3/data/starter/IMG/right_2018_10_26_23_54_57_059.jpg,0,0,0,3.132302
/opt/carnd_p3/data/starter/IMG/center_2018_10_26_23_54_57_137.jpg,/opt/carnd_p3/data/starter/IMG/left_2018_10_26_23_54_57_137.jpg,/opt/carnd_p3/data/starter/IMG/right_2018_10_26_23_54_57_137.jpg,0,0,0,3.106684
/opt/carnd_p3/data/starter/IMG/center_2018_10_26_23_54_57_215.jpg,/opt/carnd_p3/data/starter/IMG/left_2018_10_26_23_54_57_215.jpg,/opt/carnd_p3/data/starter/IMG/right_2018_10_26_23_54_57_215.jpg,0,0,0,3.08172
/opt/carnd_p3/data/starter/IMG/center_2018_10_26_23_54_57_293.jpg,/opt/carnd_p3/data/starter/IMG/left_2018_10_26_23_54_57_293.jpg,/opt/carnd_p3/data/starter/IMG/right_2018_10_26_23_54_57_293.jpg,0,0,0,3.056962
/opt/carnd_p3/data/starter/IMG/center_2018_10_26_23_54_57_370.jpg,/opt/carnd_p3/data/starter/IMG/left_2018_10_26_23_54_57_370.jpg,/opt/carnd_p3/data/starter/IMG/right_2018_10_26_23_54_57_370.jpg,0,0,0,3.032403
/opt/carnd_p3/data/starter/IMG/center_2018_10_26_23_54_57_447.jpg,/opt/carnd_p3/data/starter/IMG/left_2018_10_26_23_54_57_447.jpg,/opt/carnd_p3/data/starter/IMG/right_2018_10_26_23_54_57_447.jpg,0,0,0,3.008041
/opt/carnd_p3/data/starter/IMG/center_2018_10_26_23_54_57_523.jpg,/opt/carnd_p3/data/starter/IMG/left_2018_10_26_23_54_57_523.jpg,/opt/carnd_p3/data/starter/IMG/right_2018_10_26_23_54_57_523.jpg,0,0,0,2.989899
/opt/carnd_p3/data/starter/IMG/center_2018_10_26_23_54_57_602.jpg,/opt/carnd_p3/data/starter/IMG/left_2018_10_26_23_54_57_602.jpg,/opt/carnd_p3/data/starter/IMG/right_2018_10_26_23_54_57_602.jpg,0,0.08339739,0,2.981451
/opt/carnd_p3/data/starter/IMG/center_2018_10_26_23_54_57_677.jpg,/opt/carnd_p3/data/starter/IMG/left_2018_10_26_23_54_57_677.jpg,/opt/carnd_p3/data/starter/IMG/right_2018_10_26_23_54_57_677.jpg,0,0.308919,0,3.167135
/opt/carnd_p3/data/starter/IMG/center_2018_10_26_23_54_57_753.jpg,/opt/carnd_p3/data/starter/IMG/left_2018_10_26_23_54_57_753.jpg,/opt/carnd_p3/data/starter/IMG/right_2018_10_26_23_54_57_753.jpg,0,0.3837333,0,3.566308
/opt/carnd_p3/data/starter/IMG/center_2018_10_26_23_54_57_831.jpg,/opt/carnd_p3/data/starter/IMG/left_2018_10_26_23_54_57_831.jpg,/opt/carnd_p3/data/starter/IMG/right_2018_10_26_23_54_57_831.jpg,0,0.1505313,0,3.744897
/opt/carnd_p3/data/starter/IMG/center_2018_10_26_23_54_57_906.jpg,/opt/carnd_p3/data/starter/IMG/left_2018_10_26_23_54_57_906.jpg,/opt/carnd_p3/data/starter/IMG/right_2018_10_26_23_54_57_906.jpg,-0.1,0,0,3.746182
/opt/carnd_p3/data/starter/IMG/center_2018_10_26_23_54_57_982.jpg,/opt/carnd_p3/data/starter/IMG/left_2018_10_26_23_54_57_982.jpg,/opt/carnd_p3/data/starter/IMG/right_2018_10_26_23_54_57_982.jpg,-0.3,0,0,3.705853
/opt/carnd_p3/data/starter/IMG/center_2018_10_26_23_54_58_059.jpg,/opt/carnd_p3/data/starter/IMG/left_2018_10_26_23_54_58_059.jpg,/opt/carnd_p3/data/starter/IMG/right_2018_10_26_23_54_58_059.jpg,-0.5000001,0,0,3.657766
/opt/carnd_p3/data/starter/IMG/center_2018_10_26_23_54_58_134.jpg,/opt/carnd_p3/data/starter/IMG/left_2018_10_26_23_54_58_134.jpg,/opt/carnd_p3/data/starter/IMG/right_2018_10_26_23_54_58_134.jpg,-0.7,0,0,3.60195
/opt/carnd_p3/data/starter/IMG/center_2018_10_26_23_54_58_214.jpg,/opt/carnd_p3/data/starter/IMG/left_2018_10_26_23_54_58_214.jpg,/opt/carnd_p3/data/starter/IMG/right_2018_10_26_23_54_58_214.jpg,-0.9149938,0,0,3.534705
/opt/carnd_p3/data/starter/IMG/center_2018_10_26_23_54_58_290.jpg,/opt/carnd_p3/data/starter/IMG/left_2018_10_26_23_54_58_290.jpg,/opt/carnd_p3/data/starter/IMG/right_2018_10_26_23_54_58_290.jpg,-0.6893156,0,0,3.51231
/opt/carnd_p3/data/starter/IMG/center_2018_10_26_23_54_58_369.jpg,/opt/carnd_p3/data/starter/IMG/left_2018_10_26_23_54_58_369.jpg,/opt/carnd_p3/data/starter/IMG/right_2018_10_26_23_54_58_369.jpg,-0.632347,0,0,3.488842
/opt/carnd_p3/data/starter/IMG/center_2018_10_26_23_54_58_449.jpg,/opt/carnd_p3/data/starter/IMG/left_2018_10_26_23_54_58_449.jpg,/opt/carnd_p3/data/starter/IMG/right_2018_10_26_23_54_58_449.jpg,-0.832347,0,0,3.43477
/opt/carnd_p3/data/starter/IMG/center_2018_10_26_23_54_58_531.jpg,/opt/carnd_p3/data/starter/IMG/left_2018_10_26_23_54_58_531.jpg,/opt/carnd_p3/data/starter/IMG/right_2018_10_26_23_54_58_531.jpg,-0.7723238,0,0,3.396203
/opt/carnd_p3/data/starter/IMG/center_2018_10_26_23_54_58_613.jpg,/opt/carnd_p3/data/starter/IMG/left_2018_10_26_23_54_58_613.jpg,/opt/carnd_p3/data/starter/IMG/right_2018_10_26_23_54_58_613.jpg,-0.5258861,0,0,3.381054
/opt/carnd_p3/data/starter/IMG/center_2018_10_26_23_54_58_693.jpg,/opt/carnd_p3/data/starter/IMG/left_2018_10_26_23_54_58_693.jpg,/opt/carnd_p3/data/starter/IMG/right_2018_10_26_23_54_58_693.jpg,-0.2855201,0,0,3.361145
/opt/carnd_p3/data/starter/IMG/center_2018_10_26_23_54_58_769.jpg,/opt/carnd_p3/data/starter/IMG/left_2018_10_26_23_54_58_769.jpg,/opt/carnd_p3/data/starter/IMG/right_2018_10_26_23_54_58_769.jpg,-0.3592088,0,0,3.332369
/opt/carnd_p3/data/starter/IMG/center_2018_10_26_23_54_58_846.jpg,/opt/carnd_p3/data/starter/IMG/left_2018_10_26_23_54_58_846.jpg,/opt/carnd_p3/data/starter/IMG/right_2018_10_26_23_54_58_846.jpg,-0.5092088,0,0,3.300937
/opt/carnd_p3/data/starter/IMG/center_2018_10_26_23_54_58_924.jpg,/opt/carnd_p3/data/starter/IMG/left_2018_10_26_23_54_58_924.jpg,/opt/carnd_p3/data/starter/IMG/right_2018_10_26_23_54_58_924.jpg,-0.5144134,0,0,3.263019
/opt/carnd_p3/data/starter/IMG/center_2018_10_26_23_54_59_001.jpg,/opt/carnd_p3/data/starter/IMG/left_2018_10_26_23_54_59_001.jpg,/opt/carnd_p3/data/starter/IMG/right_2018_10_26_23_54_59_001.jpg,-0.2841661,0,0,3.243297
/opt/carnd_p3/data/starter/IMG/center_2018_10_26_23_54_59_079.jpg,/opt/carnd_p3/data/starter/IMG/left_2018_10_26_23_54_59_079.jpg,/opt/carnd_p3/data/starter/IMG/right_2018_10_26_23_54_59_079.jpg,-0.04932618,0,0,3.217647
/opt/carnd_p3/data/starter/IMG/center_2018_10_26_23_54_59_155.jpg,/opt/carnd_p3/data/starter/IMG/left_2018_10_26_23_54_59_155.jpg,/opt/carnd_p3/data/starter/IMG/right_2018_10_26_23_54_59_155.jpg,0,0,0,3.190306
/opt/carnd_p3/data/starter/IMG/center_2018_10_26_23_54_59_234.jpg,/opt/carnd_p3/data/starter/IMG/left_2018_10_26_23_54_59_234.jpg,/opt/carnd_p3/data/starter/IMG/right_2018_10_26_23_54_59_234.jpg,-0.15,0,0,3.162236
/opt/carnd_p3/data/starter/IMG/center_2018_10_26_23_54_59_313.jpg,/opt/carnd_p3/data/starter/IMG/left_2018_10_26_23_54_59_313.jpg,/opt/carnd_p3/data/starter/IMG/right_2018_10_26_23_54_59_313.jpg,-0.35,0,0,3.126501
/opt/carnd_p3/data/starter/IMG/center_2018_10_26_23_54_59_395.jpg,/opt/carnd_p3/data/starter/IMG/left_2018_10_26_23_54_59_395.jpg,/opt/carnd_p3/data/starter/IMG/right_2018_10_26_23_54_59_395.jpg,-0.1440804,0,0,3.102593
/opt/carnd_p3/data/starter/IMG/center_2018_10_26_23_54_59_478.jpg,/opt/carnd_p3/data/starter/IMG/left_2018_10_26_23_54_59_478.jpg,/opt/carnd_p3/data/starter/IMG/right_2018_10_26_23_54_59_478.jpg,-0.05,0,0,3.075607
/opt/carnd_p3/data/starter/IMG/center_2018_10_26_23_54_59_553.jpg,/opt/carnd_p3/data/starter/IMG/left_2018_10_26_23_54_59_553.jpg,/opt/carnd_p3/data/starter/IMG/right_2018_10_26_23_54_59_553.jpg,-0.25,0,0,3.045285
/opt/carnd_p3/data/starter/IMG/center_2018_10_26_23_54_59_641.jpg,/opt/carnd_p3/data/starter/IMG/left_2018_10_26_23_54_59_641.jpg,/opt/carnd_p3/data/starter/IMG/right_2018_10_26_23_54_59_641.jpg,-0.4043906,0,0,3.009766
/opt/carnd_p3/data/starter/IMG/center_2018_10_26_23_54_59_724.jpg,/opt/carnd_p3/data/starter/IMG/left_2018_10_26_23_54_59_724.jpg,/opt/carnd_p3/data/starter/IMG/right_2018_10_26_23_54_59_724.jpg,-0.1563113,0,0,2.988015
/opt/carnd_p3/data/starter/IMG/center_2018_10_26_23_54_59_804.jpg,/opt/carnd_p3/data/starter/IMG/left_2018_10_26_23_54_59_804.jpg,/opt/carnd_p3/data/starter/IMG/right_2018_10_26_23_54_59_804.jpg,-0.1693927,0,0,2.962371
/opt/carnd_p3/data/starter/IMG/center_2018_10_26_23_54_59_880.jpg,/opt/carnd_p3/data/starter/IMG/left_2018_10_26_23_54_59_880.jpg,/opt/carnd_p3/data/starter/IMG/right_2018_10_26_23_54_59_880.jpg,-0.3693927,0,0,2.929463
/opt/carnd_p3/data/starter/IMG/center_2018_10_26_23_54_59_956.jpg,/opt/carnd_p3/data/starter/IMG/left_2018_10_26_23_54_59_956.jpg,/opt/carnd_p3/data/starter/IMG/right_2018_10_26_23_54_59_956.jpg,-0.37767,0,0,2.898867
/opt/carnd_p3/data/starter/IMG/center_2018_10_26_23_55_00_031.jpg,/opt/carnd_p3/data/starter/IMG/left_2018_10_26_23_55_00_031.jpg,/opt/carnd_p3/data/starter/IMG/right_2018_10_26_23_55_00_031.jpg,-0.3277961,0,0,2.877001
/opt/carnd_p3/data/starter/IMG/center_2018_10_26_23_55_00_108.jpg,/opt/carnd_p3/data/starter/IMG/left_2018_10_26_23_55_00_108.jpg,/opt/carnd_p3/data/starter/IMG/right_2018_10_26_23_55_00_108.jpg,-0.5277961,0,0,2.841495
/opt/carnd_p3/data/starter/IMG/center_2018_10_26_23_55_00_183.jpg,/opt/carnd_p3/data/starter/IMG/left_2018_10_26_23_55_00_183.jpg,/opt/carnd_p3/data/starter/IMG/right_2018_10_26_23_55_00_183.jpg,-0.6098042,0,0,2.81293
/opt/carnd_p3/data/starter/IMG/center_2018_10_26_23_55_00_260.jpg,/opt/carnd_p3/data/starter/IMG/left_2018_10_26_23_55_00_260.jpg,/opt/carnd_p3/data/starter/IMG/right_2018_10_26_23_55_00_260.jpg,-0.3791885,0,0,2.796119
/opt/carnd_p3/data/starter/IMG/center_2018_10_26_23_55_00_344.jpg,/opt/carnd_p3/data/starter/IMG/left_2018_10_26_23_55_00_344.jpg,/opt/carnd_p3/data/starter/IMG/right_2018_10_26_23_55_00_344.jpg,-0.5791886,0,0,2.765752
/opt/carnd_p3/data/starter/IMG/center_2018_10_26_23_55_00_433.jpg,/opt/carnd_p3/data/starter/IMG/left_2018_10_26_23_55_00_433.jpg,/opt/carnd_p3/data/starter/IMG/right_2018_10_26_23_55_00_433.jpg,-0.7108061,0,0,2.718558
/opt/carnd_p3/data/starter/IMG/center_2018_10_26_23_55_00_526.jpg,/opt/carnd_p3/data/starter/IMG/left_2018_10_26_23_55_00_526.jpg,/opt/carnd_p3/data/starter/IMG/right_2018_10_26_23_55_00_526.jpg,-0.5833648,0,0,2.702009
/opt/carnd_p3/data/starter/IMG/center_2018_10_26_23_55_00_623.jpg,/opt/carnd_p3/data/starter/IMG/left_2018_10_26_23_55_00_623.jpg,/opt/carnd_p3/data/starter/IMG/right_2018_10_26_23_55_00_623.jpg,-0.7293777,0,0,2.655782
/opt/carnd_p3/data/starter/IMG/center_2018_10_26_23_55_00_710.jpg,/opt/carnd_p3/data/starter/IMG/left_2018_10_26_23_55_00_710.jpg,/opt/carnd_p3/data/starter/IMG/right_2018_10_26_23_55_00_710.jpg,-0.4700968,0,0,2.638874
/opt/carnd_p3/data/starter/IMG/center_2018_10_26_23_55_00_785.jpg,/opt/carnd_p3/data/starter/IMG/left_2018_10_26_23_55_00_785.jpg,/opt/carnd_p3/data/starter/IMG/right_2018_10_26_23_55_00_785.jpg,-0.2428679,0,0,2.626943
/opt/carnd_p3/data/starter/IMG/center_2018_10_26_23_55_00_863.jpg,/opt/carnd_p3/data/starter/IMG/left_2018_10_26_23_55_00_863.jpg,/opt/carnd_p3/data/starter/IMG/right_2018_10_26_23_55_00_863.jpg,-0.008475065,0,0,2.605317
/opt/carnd_p3/data/starter/IMG/center_2018_10_26_23_55_00_944.jpg,/opt/carnd_p3/data/starter/IMG/left_2018_10_26_23_55_00_944.jpg,/opt/carnd_p3/data/starter/IMG/right_2018_10_26_23_55_00_944.jpg,0,0.07187676,0,2.593611
/opt/carnd_p3/data/starter/IMG/center_2018_10_26_23_55_01_029.jpg,/opt/carnd_p3/data/starter/IMG/left_2018_10_26_23_55_01_029.jpg,/opt/carnd_p3/data/starter/IMG/right_2018_10_26_23_55_01_029.jpg,0,0.3269763,0,2.869559
/opt/carnd_p3/data/starter/IMG/center_2018_10_26_23_55_01_117.jpg,/opt/carnd_p3/data/starter/IMG/left_2018_10_26_23_55_01_117.jpg,/opt/carnd_p3/data/starter/IMG/right_2018_10_26_23_55_01_117.jpg,0,0.5904179,0,3.319912
/opt/carnd_p3/data/starter/IMG/center_2018_10_26_23_55_01_201.jpg,/opt/carnd_p3/data/starter/IMG/left_2018_10_26_23_55_01_201.jpg,/opt/carnd_p3/data/starter/IMG/right_2018_10_26_23_55_01_201.jpg,0,0.3387988,0,3.709634
/opt/carnd_p3/data/starter/IMG/center_2018_10_26_23_55_01_295.jpg,/opt/carnd_p3/data/starter/IMG/left_2018_10_26_23_55_01_295.jpg,/opt/carnd_p3/data/starter/IMG/right_2018_10_26_23_55_01_295.jpg,0,0.05890203,0,3.860821
/opt/carnd_p3/data/starter/IMG/center_2018_10_26_23_55_01_379.jpg,/opt/carnd_p3/data/starter/IMG/left_2018_10_26_23_55_01_379.jpg,/opt/carnd_p3/data/starter/IMG/right_2018_10_26_23_55_01_379.jpg,0,0,0,3.832032
/opt/carnd_p3/data/starter/IMG/center_2018_10_26_23_55_01_458.jpg,/opt/carnd_p3/data/starter/IMG/left_2018_10_26_23_55_01_458.jpg,/opt/carnd_p3/data/starter/IMG/right_2018_10_26_23_55_01_458.jpg,0,0,0,3.80125
/opt/carnd_p3/data/starter/IMG/center_2018_10_26_23_55_01_535.jpg,/opt/carnd_p3/data/starter/IMG/left_2018_10_26_23_55_01_535.jpg,/opt/carnd_p3/data/starter/IMG/right_2018_10_26_23_55_01_535.jpg,0,0,0,3.770716
/opt/carnd_p3/data/starter/IMG/center_2018_10_26_23_55_01_611.jpg,/opt/carnd_p3/data/starter/IMG/left_2018_10_26_23_55_01_611.jpg,/opt/carnd_p3/data/starter/IMG/right_2018_10_26_23_55_01_611.jpg,0,0,0,3.740426
/opt/carnd_p3/data/starter/IMG/center_2018_10_26_23_55_01_690.jpg,/opt/carnd_p3/data/starter/IMG/left_2018_10_26_23_55_01_690.jpg,/opt/carnd_p3/data/starter/IMG/right_2018_10_26_23_55_01_690.jpg,0,0,0,3.71038
/opt/carnd_p3/data/starter/IMG/center_2018_10_26_23_55_01_766.jpg,/opt/carnd_p3/data/starter/IMG/left_2018_10_26_23_55_01_766.jpg,/opt/carnd_p3/data/starter/IMG/right_2018_10_26_23_55_01_766.jpg,0,0.07902288,0,3.704082
/opt/carnd_p3/data/starter/IMG/center_2018_10_26_23_55_01_840.jpg,/opt/carnd_p3/data/starter/IMG/left_2018_10_26_23_55_01_840.jpg,/opt/carnd_p3/data/starter/IMG/right_2018_10_26_23_55_01_840.jpg,0,0.3019924,0,3.870192
/opt/carnd_p3/data/starter/IMG/center_2018_10_26_23_55_01_914.jpg,/opt/carnd_p3/data/starter/IMG/left_2018_10_26_23_55_01_914.jpg,/opt/carnd_p3/data/starter/IMG/right_2018_10_26_23_55_01_914.jpg,0,0.5238154,0,4.267473
/opt/carnd_p3/data/starter/IMG/center_2018_10_26_23_55_01_990.jpg,/opt/carnd_p3/data/starter/IMG/left_2018_10_26_23_55_01_990.jpg,/opt/carnd_p3/data/starter/IMG/right_2018_10_26_23_55_01_990.jpg,0,0.7505372,0,4.894671
/opt/carnd_p3/data/starter/IMG/center_2018_10_26_23_55_02_068.jpg,/opt/carnd_p3/data/starter/IMG/left_2018_10_26_23_55_02_068.jpg,/opt/carnd_p3/data/starter/IMG/right_2018_10_26_23_55_02_068.jpg,0,0.8256333,0,5.668751
/opt/carnd_p3/data/starter/IMG/center_2018_10_26_23_55_02_143.jpg,/opt/carnd_p3/data/starter/IMG/left_2018_10_26_23_55_02_143.jpg,/opt/carnd_p3/data/starter/IMG/right_2018_10_26_23_55_02_143.jpg,0,0.5981219,0,6.13646
/opt/carnd_p3/data/starter/IMG/center_2018_10_26_23_55_02_219.jpg,/opt/carnd_p3/data/starter/IMG/left_2018_10_26_23_55_02_219.jpg,/opt/carnd_p3/data/starter/IMG/right_2018_10_26_23_55_02_219.jpg,-0.1,0.370383,0,6.549294
/opt/carnd_p3/data/starter/IMG/center_2018_10_26_23_55_02_297.jpg,/opt/carnd_p3/data/starter/IMG/left_2018_10_26_23_55_02_297.jpg,/opt/carnd_p3/data/starter/IMG/right_2018_10_26_23_55_02_297.jpg,-0.3,0.1387203,0,6.701514
/opt/carnd_p3/data/starter/IMG/center_2018_10_26_23_55_02_375.jpg,/opt/carnd_p3/data/starter/IMG/left_2018_10_26_23_55_02_375.jpg,/opt/carnd_p3/data/starter/IMG/right_2018_10_26_23_55_02_375.jpg,-0.3170671,0,0,6.649442
/opt/carnd_p3/data/starter/IMG/center_2018_10_26_23_55_02_455.jpg,/opt/carnd_p3/data/starter/IMG/left_2018_10_26_23_55_02_455.jpg,/opt/carnd_p3/data/starter/IMG/right_2018_10_26_23_55_02_455.jpg,-0.07811451,0,0,6.597738
/opt/carnd_p3/data/starter/IMG/center_2018_10_26_23_55_02_533.jpg,/opt/carnd_p3/data/starter/IMG/left_2018_10_26_23_55_02_533.jpg,/opt/carnd_p3/data/starter/IMG/right_2018_10_26_23_55_02_533.jpg,0,0,0,6.539459
/opt/carnd_p3/data/starter/IMG/center_2018_10_26_23_55_02_621.jpg,/opt/carnd_p3/data/starter/IMG/left_2018_10_26_23_55_02_621.jpg,/opt/carnd_p3/data/starter/IMG/right_2018_10_26_23_55_02_621.jpg,-0.2,0,0,6.480699
/opt/carnd_p3/data/starter/IMG/center_2018_10_26_23_55_02_694.jpg,/opt/carnd_p3/data/starter/IMG/left_2018_10_26_23_55_02_694.jpg,/opt/carnd_p3/data/starter/IMG/right_2018_10_26_23_55_02_694.jpg,-0.1526427,0,0,6.422715
/opt/carnd_p3/data/starter/IMG/center_2018_10_26_23_55_02_771.jpg,/opt/carnd_p3/data/starter/IMG/left_2018_10_26_23_55_02_771.jpg,/opt/carnd_p3/data/starter/IMG/right_2018_10_26_23_55_02_771.jpg,0,0,0,6.368172
/opt/carnd_p3/data/starter/IMG/center_2018_10_26_23_55_02_847.jpg,/opt/carnd_p3/data/starter/IMG/left_2018_10_26_23_55_02_847.jpg,/opt/carnd_p3/data/starter/IMG/right_2018_10_26_23_55_02_847.jpg,0,0,0,6.329481
/opt/carnd_p3/data/starter/IMG/center_2018_10_26_23_55_02_923.jpg,/opt/carnd_p3/data/starter/IMG/left_2018_10_26_23_55_02_923.jpg,/opt/carnd_p3/data/starter/IMG/right_2018_10_26_23_55_02_923.jpg,0,0,0,6.278533
/opt/carnd_p3/data/starter/IMG/center_2018_10_26_23_55_03_000.jpg,/opt/carnd_p3/data/starter/IMG/left_2018_10_26_23_55_03_000.jpg,/opt/carnd_p3/data/starter/IMG/right_2018_10_26_23_55_03_000.jpg,0,0,0,6.22808
/opt/carnd_p3/data/starter/IMG/center_2018_10_26_23_55_03_074.jpg,/opt/carnd_p3/data/starter/IMG/left_2018_10_26_23_55_03_074.jpg,/opt/carnd_p3/data/starter/IMG/right_2018_10_26_23_55_03_074.jpg,0,0.1474414,0,6.241745
/opt/carnd_p3/data/starter/IMG/center_2018_10_26_23_55_03_148.jpg,/opt/carnd_p3/data/starter/IMG/left_2018_10_26_23_55_03_148.jpg,/opt/carnd_p3/data/starter/IMG/right_2018_10_26_23_55_03_148.jpg,0,0.369087,0,6.484022
/opt/carnd_p3/data/starter/IMG/center_2018_10_26_23_55_03_228.jpg,/opt/carnd_p3/data/starter/IMG/left_2018_10_26_23_55_03_228.jpg,/opt/carnd_p3/data/starter/IMG/right_2018_10_26_23_55_03_228.jpg,0,0.6090331,0,6.953094
/opt/carnd_p3/data/starter/IMG/center_2018_10_26_23_55_03_308.jpg,/opt/carnd_p3/data/starter/IMG/left_2018_10_26_23_55_03_308.jpg,/opt/carnd_p3/data/starter/IMG/right_2018_10_26_23_55_03_308.jpg,0,0.8474822,0,7.645063
/opt/carnd_p3/data/starter/IMG/center_2018_10_26_23_55_03_383.jpg,/opt/carnd_p3/data/starter/IMG/left_2018_10_26_23_55_03_383.jpg,/opt/carnd_p3/data/starter/IMG/right_2018_10_26_23_55_03_383.jpg,0,1,0,8.295115
/opt/carnd_p3/data/starter/IMG/center_2018_10_26_23_55_03_464.jpg,/opt/carnd_p3/data/starter/IMG/left_2018_10_26_23_55_03_464.jpg,/opt/carnd_p3/data/starter/IMG/right_2018_10_26_23_55_03_464.jpg,0,0.7586949,0,9.082136
/opt/carnd_p3/data/starter/IMG/center_2018_10_26_23_55_03_537.jpg,/opt/carnd_p3/data/starter/IMG/left_2018_10_26_23_55_03_537.jpg,/opt/carnd_p3/data/starter/IMG/right_2018_10_26_23_55_03_537.jpg,0,0.5396535,0,9.621539
/opt/carnd_p3/data/starter/IMG/center_2018_10_26_23_55_03_620.jpg,/opt/carnd_p3/data/starter/IMG/left_2018_10_26_23_55_03_620.jpg,/opt/carnd_p3/data/starter/IMG/right_2018_10_26_23_55_03_620.jpg,-0.15,0.2894864,0,9.914865
/opt/carnd_p3/data/starter/IMG/center_2018_10_26_23_55_03_697.jpg,/opt/carnd_p3/data/starter/IMG/left_2018_10_26_23_55_03_697.jpg,/opt/carnd_p3/data/starter/IMG/right_2018_10_26_23_55_03_697.jpg,-0.35,0.05942798,0,9.952761
/opt/carnd_p3/data/starter/IMG/center_2018_10_26_23_55_03_784.jpg,/opt/carnd_p3/data/starter/IMG/left_2018_10_26_23_55_03_784.jpg,/opt/carnd_p3/data/starter/IMG/right_2018_10_26_23_55_03_784.jpg,-0.1475043,0,0,9.873932
/opt/carnd_p3/data/starter/IMG/center_2018_10_26_23_55_03_860.jpg,/opt/carnd_p3/data/starter/IMG/left_2018_10_26_23_55_03_860.jpg,/opt/carnd_p3/data/starter/IMG/right_2018_10_26_23_55_03_860.jpg,-0.05504971,0,0,9.788898
/opt/carnd_p3/data/starter/IMG/center_2018_10_26_23_55_03_940.jpg,/opt/carnd_p3/data/starter/IMG/left_2018_10_26_23_55_03_940.jpg,/opt/carnd_p3/data/starter/IMG/right_2018_10_26_23_55_03_940.jpg,-0.2550497,0,0,9.700057
/opt/carnd_p3/data/starter/IMG/center_2018_10_26_23_55_04_031.jpg,/opt/carnd_p3/data/starter/IMG/left_2018_10_26_23_55_04_031.jpg,/opt/carnd_p3/data/starter/IMG/right_2018_10_26_23_55_04_031.jpg,-0.06278801,0,0,9.5975
/opt/carnd_p3/data/starter/IMG/center_2018_10_26_23_55_04_118.jpg,/opt/carnd_p3/data/starter/IMG/left_2018_10_26_23_55_04_118.jpg,/opt/carnd_p3/data/starter/IMG/right_2018_10_26_23_55_04_118.jpg,0,0,0,9.516654
/opt/carnd_p3/data/starter/IMG/center_2018_10_26_23_55_04_205.jpg,/opt/carnd_p3/data/starter/IMG/left_2018_10_26_23_55_04_205.jpg,/opt/carnd_p3/data/starter/IMG/right_2018_10_26_23_55_04_205.jpg,-0.2,0,0,9.432504
/opt/carnd_p3/data/starter/IMG/center_2018_10_26_23_55_04_294.jpg,/opt/carnd_p3/data/starter/IMG/left_2018_10_26_23_55_04_294.jpg,/opt/carnd_p3/data/starter/IMG/right_2018_10_26_23_55_04_294.jpg,-0.1538301,0,0,9.322406
/opt/carnd_p3/data/starter/IMG/center_2018_10_26_23_55_04_377.jpg,/opt/carnd_p3/data/starter/IMG/left_2018_10_26_23_55_04_377.jpg,/opt/carnd_p3/data/starter/IMG/right_2018_10_26_23_55_04_377.jpg,0,0,0,9.242589
/opt/carnd_p3/data/starter/IMG/center_2018_10_26_23_55_04_464.jpg,/opt/carnd_p3/data/starter/IMG/left_2018_10_26_23_55_04_464.jpg,/opt/carnd_p3/data/starter/IMG/right_2018_10_26_23_55_04_464.jpg,-0.2,0,0,9.161926
/opt/carnd_p3/data/starter/IMG/center_2018_10_26_23_55_04_552.jpg,/opt/carnd_p3/data/starter/IMG/left_2018_10_26_23_55_04_552.jpg,/opt/carnd_p3/data/starter/IMG/right_2018_10_26_23_55_04_552.jpg,-0.1793454,0,0,9.054987
/opt/carnd_p3/data/starter/IMG/center_2018_10_26_23_55_04_634.jpg,/opt/carnd_p3/data/starter/IMG/left_2018_10_26_23_55_04_634.jpg,/opt/carnd_p3/data/starter/IMG/right_2018_10_26_23_55_04_634.jpg,0,0,0,8.977979
/opt/carnd_p3/data/starter/IMG/center_2018_10_26_23_55_04_720.jpg,/opt/carnd_p3/data/starter/IMG/left_2018_10_26_23_55_04_720.jpg,/opt/carnd_p3/data/starter/IMG/right_2018_10_26_23_55_04_720.jpg,-0.2,0,0,8.900111
/opt/carnd_p3/data/starter/IMG/center_2018_10_26_23_55_04_811.jpg,/opt/carnd_p3/data/starter/IMG/left_2018_10_26_23_55_04_811.jpg,/opt/carnd_p3/data/starter/IMG/right_2018_10_26_23_55_04_811.jpg,-0.45,0,0,8.766765
/opt/carnd_p3/data/starter/IMG/center_2018_10_26_23_55_04_897.jpg,/opt/carnd_p3/data/starter/IMG/left_2018_10_26_23_55_04_897.jpg,/opt/carnd_p3/data/starter/IMG/right_2018_10_26_23_55_04_897.jpg,-0.4508286,0,0,8.665738
/opt/carnd_p3/data/starter/IMG/center_2018_10_26_23_55_04_970.jpg,/opt/carnd_p3/data/starter/IMG/left_2018_10_26_23_55_04_970.jpg,/opt/carnd_p3/data/starter/IMG/right_2018_10_26_23_55_04_970.jpg,-0.4040653,0,0,8.600449
/opt/carnd_p3/data/starter/IMG/center_2018_10_26_23_55_05_050.jpg,/opt/carnd_p3/data/starter/IMG/left_2018_10_26_23_55_05_050.jpg,/opt/carnd_p3/data/starter/IMG/right_2018_10_26_23_55_05_050.jpg,-0.6040653,0,0,8.4987
/opt/carnd_p3/data/starter/IMG/center_2018_10_26_23_55_05_126.jpg,/opt/carnd_p3/data/starter/IMG/left_2018_10_26_23_55_05_126.jpg,/opt/carnd_p3/data/starter/IMG/right_2018_10_26_23_55_05_126.jpg,-0.7540653,0,0,8.398397
/opt/carnd_p3/data/starter/IMG/center_2018_10_26_23_55_05_201.jpg,/opt/carnd_p3/data/starter/IMG/left_2018_10_26_23_55_05_201.jpg,/opt/carnd_p3/data/starter/IMG/right_2018_10_26_23_55_05_201.jpg,-0.771369,0,0,8.272184
/opt/carnd_p3/data/starter/IMG/center_2018_10_26_23_55_05_277.jpg,/opt/carnd_p3/data/starter/IMG/left_2018_10_26_23_55_05_277.jpg,/opt/carnd_p3/data/starter/IMG/right_2018_10_26_23_55_05_277.jpg,-0.850254,0,0,8.188778
/opt/carnd_p3/data/starter/IMG/center_2018_10_26_23_55_05_449.jpg,/opt/carnd_p3/data/starter/IMG/left_2018_10_26_23_55_05_449.jpg,/opt/carnd_p3/data/starter/IMG/right_2018_10_26_23_55_05_449.jpg,-0.6440136,0,0,8.017609
/opt/carnd_p3/data/starter/IMG/center_2018_10_26_23_55_05_522.jpg,/opt/carnd_p3/data/starter/IMG/left_2018_10_26_23_55_05_522.jpg,/opt/carnd_p3/data/starter/IMG/right_2018_10_26_23_55_05_522.jpg,-0.4228451,0,0,7.983443
/opt/carnd_p3/data/starter/IMG/center_2018_10_26_23_55_05_597.jpg,/opt/carnd_p3/data/starter/IMG/left_2018_10_26_23_55_05_597.jpg,/opt/carnd_p3/data/starter/IMG/right_2018_10_26_23_55_05_597.jpg,-0.1965912,0,0,7.926214
/opt/carnd_p3/data/starter/IMG/center_2018_10_26_23_55_05_676.jpg,/opt/carnd_p3/data/starter/IMG/left_2018_10_26_23_55_05_676.jpg,/opt/carnd_p3/data/starter/IMG/right_2018_10_26_23_55_05_676.jpg,0,0,0,7.851545
/opt/carnd_p3/data/starter/IMG/center_2018_10_26_23_55_05_750.jpg,/opt/carnd_p3/data/starter/IMG/left_2018_10_26_23_55_05_750.jpg,/opt/carnd_p3/data/starter/IMG/right_2018_10_26_23_55_05_750.jpg,0,0,0,7.786142
/opt/carnd_p3/data/starter/IMG/center_2018_10_26_23_55_05_823.jpg,/opt/carnd_p3/data/starter/IMG/left_2018_10_26_23_55_05_823.jpg,/opt/carnd_p3/data/starter/IMG/right_2018_10_26_23_55_05_823.jpg,0,0,0,7.739008
/opt/carnd_p3/data/starter/IMG/center_2018_10_26_23_55_05_897.jpg,/opt/carnd_p3/data/starter/IMG/left_2018_10_26_23_55_05_897.jpg,/opt/carnd_p3/data/starter/IMG/right_2018_10_26_23_55_05_897.jpg,0,0,0,7.676796
/opt/carnd_p3/data/starter/IMG/center_2018_10_26_23_55_05_972.jpg,/opt/carnd_p3/data/starter/IMG/left_2018_10_26_23_55_05_972.jpg,/opt/carnd_p3/data/starter/IMG/right_2018_10_26_23_55_05_972.jpg,0,0,0,7.61511
/opt/carnd_p3/data/starter/IMG/center_2018_10_26_23_55_06_049.jpg,/opt/carnd_p3/data/starter/IMG/left_2018_10_26_23_55_06_049.jpg,/opt/carnd_p3/data/starter/IMG/right_2018_10_26_23_55_06_049.jpg,0.15,0,0,7.548772
/opt/carnd_p3/data/starter/IMG/center_2018_10_26_23_55_06_123.jpg,/opt/carnd_p3/data/starter/IMG/left_2018_10_26_23_55_06_123.jpg,/opt/carnd_p3/data/starter/IMG/right_2018_10_26_23_55_06_123.jpg,0.3,0,0,7.485852
/opt/carnd_p3/data/starter/IMG/center_2018_10_26_23_55_06_198.jpg,/opt/carnd_p3/data/starter/IMG/left_2018_10_26_23_55_06_198.jpg,/opt/carnd_p3/data/starter/IMG/right_2018_10_26_23_55_06_198.jpg,0.3250408,0,0,7.402006
/opt/carnd_p3/data/starter/IMG/center_2018_10_26_23_55_06_271.jpg,/opt/carnd_p3/data/starter/IMG/left_2018_10_26_23_55_06_271.jpg,/opt/carnd_p3/data/starter/IMG/right_2018_10_26_23_55_06_271.jpg,0.1079371,0,0,7.344271
/opt/carnd_p3/data/starter/IMG/center_2018_10_26_23_55_06_345.jpg,/opt/carnd_p3/data/starter/IMG/left_2018_10_26_23_55_06_345.jpg,/opt/carnd_p3/data/starter/IMG/right_2018_10_26_23_55_06_345.jpg,0,0,0,7.295446
/opt/carnd_p3/data/starter/IMG/center_2018_10_26_23_55_06_420.jpg,/opt/carnd_p3/data/starter/IMG/left_2018_10_26_23_55_06_420.jpg,/opt/carnd_p3/data/starter/IMG/right_2018_10_26_23_55_06_420.jpg,0,0,0,7.235911
/opt/carnd_p3/data/starter/IMG/center_2018_10_26_23_55_06_493.jpg,/opt/carnd_p3/data/starter/IMG/left_2018_10_26_23_55_06_493.jpg,/opt/carnd_p3/data/starter/IMG/right_2018_10_26_23_55_06_493.jpg,0,0,0,7.177696
/opt/carnd_p3/data/starter/IMG/center_2018_10_26_23_55_06_570.jpg,/opt/carnd_p3/data/starter/IMG/left_2018_10_26_23_55_06_570.jpg,/opt/carnd_p3/data/starter/IMG/right_2018_10_26_23_55_06_570.jpg,0,0,0,7.120011
/opt/carnd_p3/data/starter/IMG/center_2018_10_26_23_55_06_645.jpg,/opt/carnd_p3/data/starter/IMG/left_2018_10_26_23_55_06_645.jpg,/opt/carnd_p3/data/starter/IMG/right_2018_10_26_23_55_06_645.jpg,0,0,0,7.077055
/opt/carnd_p3/data/starter/IMG/center_2018_10_26_23_55_06_722.jpg,/opt/carnd_p3/data/starter/IMG/left_2018_10_26_23_55_06_722.jpg,/opt/carnd_p3/data/starter/IMG/right_2018_10_26_23_55_06_722.jpg,0,0,0,7.020182
/opt/carnd_p3/data/starter/IMG/center_2018_10_26_23_55_06_798.jpg,/opt/carnd_p3/data/starter/IMG/left_2018_10_26_23_55_06_798.jpg,/opt/carnd_p3/data/starter/IMG/right_2018_10_26_23_55_06_798.jpg,0,0,0,6.963768
/opt/carnd_p3/data/starter/IMG/center_2018_10_26_23_55_06_872.jpg,/opt/carnd_p3/data/starter/IMG/left_2018_10_26_23_55_06_872.jpg,/opt/carnd_p3/data/starter/IMG/right_2018_10_26_23_55_06_872.jpg,0,0,0,6.907807
/opt/carnd_p3/data/starter/IMG/center_2018_10_26_23_55_06_948.jpg,/opt/carnd_p3/data/starter/IMG/left_2018_10_26_23_55_06_948.jpg,/opt/carnd_p3/data/starter/IMG/right_2018_10_26_23_55_06_948.jpg,0,0,0,6.852296
/opt/carnd_p3/data/starter/IMG/center_2018_10_26_23_55_07_024.jpg,/opt/carnd_p3/data/starter/IMG/left_2018_10_26_23_55_07_024.jpg,/opt/carnd_p3/data/starter/IMG/right_2018_10_26_23_55_07_024.jpg,0,0,0,6.810956
/opt/carnd_p3/data/starter/IMG/center_2018_10_26_23_55_07_098.jpg,/opt/carnd_p3/data/starter/IMG/left_2018_10_26_23_55_07_098.jpg,/opt/carnd_p3/data/starter/IMG/right_2018_10_26_23_55_07_098.jpg,0,0,0,6.756225
/opt/carnd_p3/data/starter/IMG/center_2018_10_26_23_55_07_174.jpg,/opt/carnd_p3/data/starter/IMG/left_2018_10_26_23_55_07_174.jpg,/opt/carnd_p3/data/starter/IMG/right_2018_10_26_23_55_07_174.jpg,0,0,0,6.701931
/opt/carnd_p3/data/starter/IMG/center_2018_10_26_23_55_07_247.jpg,/opt/carnd_p3/data/starter/IMG/left_2018_10_26_23_55_07_247.jpg,/opt/carnd_p3/data/starter/IMG/right_2018_10_26_23_55_07_247.jpg,0,0,0,6.648076
/opt/carnd_p3/data/starter/IMG/center_2018_10_26_23_55_07_322.jpg,/opt/carnd_p3/data/starter/IMG/left_2018_10_26_23_55_07_322.jpg,/opt/carnd_p3/data/starter/IMG/right_2018_10_26_23_55_07_322.jpg,0,0,0,6.607967
/opt/carnd_p3/data/starter/IMG/center_2018_10_26_23_55_07_396.jpg,/opt/carnd_p3/data/starter/IMG/left_2018_10_26_23_55_07_396.jpg,/opt/carnd_p3/data/starter/IMG/right_2018_10_26_23_55_07_396.jpg,0,0,0,6.554867
/opt/carnd_p3/data/starter/IMG/center_2018_10_26_23_55_07_469.jpg,/opt/carnd_p3/data/starter/IMG/left_2018_10_26_23_55_07_469.jpg,/opt/carnd_p3/data/starter/IMG/right_2018_10_26_23_55_07_469.jpg,0,0,0,6.502192
/opt/carnd_p3/data/starter/IMG/center_2018_10_26_23_55_07_544.jpg,/opt/carnd_p3/data/starter/IMG/left_2018_10_26_23_55_07_544.jpg,/opt/carnd_p3/data/starter/IMG/right_2018_10_26_23_55_07_544.jpg,0,0,0,6.462964
/opt/carnd_p3/data/starter/IMG/center_2018_10_26_23_55_07_621.jpg,/opt/carnd_p3/data/starter/IMG/left_2018_10_26_23_55_07_621.jpg,/opt/carnd_p3/data/starter/IMG/right_2018_10_26_23_55_07_621.jpg,0,0,0,6.411028
/opt/carnd_p3/data/starter/IMG/center_2018_10_26_23_55_07_694.jpg,/opt/carnd_p3/data/starter/IMG/left_2018_10_26_23_55_07_694.jpg,/opt/carnd_p3/data/starter/IMG/right_2018_10_26_23_55_07_694.jpg,0,0,0,6.35951
/opt/carnd_p3/data/starter/IMG/center_2018_10_26_23_55_08_193.jpg,/opt/carnd_p3/data/starter/IMG/left_2018_10_26_23_55_08_193.jpg,/opt/carnd_p3/data/starter/IMG/right_2018_10_26_23_55_08_193.jpg,0,1,0,10.12109
/opt/carnd_p3/data/starter/IMG/center_2018_10_26_23_55_08_259.jpg,/opt/carnd_p3/data/starter/IMG/left_2018_10_26_23_55_08_259.jpg,/opt/carnd_p3/data/starter/IMG/right_2018_10_26_23_55_08_259.jpg,0,0.9258966,0,10.77487
/opt/carnd_p3/data/starter/IMG/center_2018_10_26_23_55_08_337.jpg,/opt/carnd_p3/data/starter/IMG/left_2018_10_26_23_55_08_337.jpg,/opt/carnd_p3/data/starter/IMG/right_2018_10_26_23_55_08_337.jpg,0,0.6919744,0,11.56417
/opt/carnd_p3/data/starter/IMG/center_2018_10_26_23_55_08_420.jpg,/opt/carnd_p3/data/starter/IMG/left_2018_10_26_23_55_08_420.jpg,/opt/carnd_p3/data/starter/IMG/right_2018_10_26_23_55_08_420.jpg,0,0.606055,0,11.91717
/opt/carnd_p3/data/starter/IMG/center_2018_10_26_23_55_08_511.jpg,/opt/carnd_p3/data/starter/IMG/left_2018_10_26_23_55_08_511.jpg,/opt/carnd_p3/data/starter/IMG/right_2018_10_26_23_55_08_511.jpg,0,0.8544068,0,12.39318
/opt/carnd_p3/data/starter/IMG/center_2018_10_26_23_55_08_592.jpg,/opt/carnd_p3/data/starter/IMG/left_2018_10_26_23_55_08_592.jpg,/opt/carnd_p3/data/starter/IMG/right_2018_10_26_23_55_08_592.jpg,0,0.9069853,0,13.51807
/opt/carnd_p3/data/starter/IMG/center_2018_10_26_23_55_08_670.jpg,/opt/carnd_p3/data/starter/IMG/left_2018_10_26_23_55_08_670.jpg,/opt/carnd_p3/data/starter/IMG/right_2018_10_26_23_55_08_670.jpg,0,0.6695955,0,14.23066
/opt/carnd_p3/data/starter/IMG/center_2018_10_26_23_55_08_748.jpg,/opt/carnd_p3/data/starter/IMG/left_2018_10_26_23_55_08_748.jpg,/opt/carnd_p3/data/starter/IMG/right_2018_10_26_23_55_08_748.jpg,0,0.4371195,0,14.56331
/opt/carnd_p3/data/starter/IMG/center_2018_10_26_23_55_08_834.jpg,/opt/carnd_p3/data/starter/IMG/left_2018_10_26_23_55_08_834.jpg,/opt/carnd_p3/data/starter/IMG/right_2018_10_26_23_55_08_834.jpg,0,0.1799171,0,14.71788
/opt/carnd_p3/data/starter/IMG/center_2018_10_26_23_55_08_925.jpg,/opt/carnd_p3/data/starter/IMG/left_2018_10_26_23_55_08_925.jpg,/opt/carnd_p3/data/starter/IMG/right_2018_10_26_23_55_08_925.jpg,0,0,0,14.72742
/opt/carnd_p3/data/starter/IMG/center_2018_10_26_23_55_09_000.jpg,/opt/carnd_p3/data/starter/IMG/left_2018_10_26_23_55_09_000.jpg,/opt/carnd_p3/data/starter/IMG/right_2018_10_26_23_55_09_000.jpg,0,0,0,14.60954
/opt/carnd_p3/data/starter/IMG/center_2018_10_26_23_55_09_074.jpg,/opt/carnd_p3/data/starter/IMG/left_2018_10_26_23_55_09_074.jpg,/opt/carnd_p3/data/starter/IMG/right_2018_10_26_23_55_09_074.jpg,-0.2,0,0,14.47647
/opt/carnd_p3/data/starter/IMG/center_2018_10_26_23_55_09_141.jpg,/opt/carnd_p3/data/starter/IMG/left_2018_10_26_23_55_09_141.jpg,/opt/carnd_p3/data/starter/IMG/right_2018_10_26_23_55_09_141.jpg,-0.2945065,0,0,14.34044
/opt/carnd_p3/data/starter/IMG/center_2018_10_26_23_55_09_233.jpg,/opt/carnd_p3/data/starter/IMG/left_2018_10_26_23_55_09_233.jpg,/opt/carnd_p3/data/starter/IMG/right_2018_10_26_23_55_09_233.jpg,-0.03849006,0,0,14.20701
/opt/carnd_p3/data/starter/IMG/center_2018_10_26_23_55_09_325.jpg,/opt/carnd_p3/data/starter/IMG/left_2018_10_26_23_55_09_325.jpg,/opt/carnd_p3/data/starter/IMG/right_2018_10_26_23_55_09_325.jpg,0,0,0,14.08187
/opt/carnd_p3/data/starter/IMG/center_2018_10_26_23_55_09_415.jpg,/opt/carnd_p3/data/starter/IMG/left_2018_10_26_23_55_09_415.jpg,/opt/carnd_p3/data/starter/IMG/right_2018_10_26_23_55_09_415.jpg,0,0,0,13.91644
/opt/carnd_p3/data/starter/IMG/center_2018_10_26_23_55_09_498.jpg,/opt/carnd_p3/data/starter/IMG/left_2018_10_26_23_55_09_498.jpg,/opt/carnd_p3/data/starter/IMG/right_2018_10_26_23_55_09_498.jpg,0,0,0,13.78282
/opt/carnd_p3/data/starter/IMG/center_2018_10_26_23_55_09_571.jpg,/opt/carnd_p3/data/starter/IMG/left_2018_10_26_23_55_09_571.jpg,/opt/carnd_p3/data/starter/IMG/right_2018_10_26_23_55_09_571.jpg,0,0,0,13.68253
/opt/carnd_p3/data/starter/IMG/center_2018_10_26_23_55_09_658.jpg,/opt/carnd_p3/data/starter/IMG/left_2018_10_26_23_55_09_658.jpg,/opt/carnd_p3/data/starter/IMG/right_2018_10_26_23_55_09_658.jpg,0,0,0,13.61161
/opt/carnd_p3/data/starter/IMG/center_2018_10_26_23_55_09_751.jpg,/opt/carnd_p3/data/starter/IMG/left_2018_10_26_23_55_09_751.jpg,/opt/carnd_p3/data/starter/IMG/right_2018_10_26_23_55_09_751.jpg,0,0,0,13.47429
/opt/carnd_p3/data/starter/IMG/center_2018_10_26_23_55_09_833.jpg,/opt/carnd_p3/data/starter/IMG/left_2018_10_26_23_55_09_833.jpg,/opt/carnd_p3/data/starter/IMG/right_2018_10_26_23_55_09_833.jpg,0,0,0,13.33141
/opt/carnd_p3/data/starter/IMG/center_2018_10_26_23_55_09_916.jpg,/opt/carnd_p3/data/starter/IMG/left_2018_10_26_23_55_09_916.jpg,/opt/carnd_p3/data/starter/IMG/right_2018_10_26_23_55_09_916.jpg,-0.2,0,0,13.2249
/opt/carnd_p3/data/starter/IMG/center_2018_10_26_23_55_09_998.jpg,/opt/carnd_p3/data/starter/IMG/left_2018_10_26_23_55_09_998.jpg,/opt/carnd_p3/data/starter/IMG/right_2018_10_26_23_55_09_998.jpg,-0.330225,0,0,13.05708
/opt/carnd_p3/data/starter/IMG/center_2018_10_26_23_55_10_076.jpg,/opt/carnd_p3/data/starter/IMG/left_2018_10_26_23_55_10_076.jpg,/opt/carnd_p3/data/starter/IMG/right_2018_10_26_23_55_10_076.jpg,-0.08469629,0,0,12.96963
/opt/carnd_p3/data/starter/IMG/center_2018_10_26_23_55_10_155.jpg,/opt/carnd_p3/data/starter/IMG/left_2018_10_26_23_55_10_155.jpg,/opt/carnd_p3/data/starter/IMG/right_2018_10_26_23_55_10_155.jpg,0,0,0,12.84691
/opt/carnd_p3/data/starter/IMG/center_2018_10_26_23_55_10_235.jpg,/opt/carnd_p3/data/starter/IMG/left_2018_10_26_23_55_10_235.jpg,/opt/carnd_p3/data/starter/IMG/right_2018_10_26_23_55_10_235.jpg,0,0,0,12.7857
/opt/carnd_p3/data/starter/IMG/center_2018_10_26_23_55_10_311.jpg,/opt/carnd_p3/data/starter/IMG/left_2018_10_26_23_55_10_311.jpg,/opt/carnd_p3/data/starter/IMG/right_2018_10_26_23_55_10_311.jpg,0,0,0,12.66825
/opt/carnd_p3/data/starter/IMG/center_2018_10_26_23_55_10_395.jpg,/opt/carnd_p3/data/starter/IMG/left_2018_10_26_23_55_10_395.jpg,/opt/carnd_p3/data/starter/IMG/right_2018_10_26_23_55_10_395.jpg,0,0,0,12.48504
/opt/carnd_p3/data/starter/IMG/center_2018_10_26_23_55_10_477.jpg,/opt/carnd_p3/data/starter/IMG/left_2018_10_26_23_55_10_477.jpg,/opt/carnd_p3/data/starter/IMG/right_2018_10_26_23_55_10_477.jpg,-0.15,0,0,12.362
/opt/carnd_p3/data/starter/IMG/center_2018_10_26_23_55_10_556.jpg,/opt/carnd_p3/data/starter/IMG/left_2018_10_26_23_55_10_556.jpg,/opt/carnd_p3/data/starter/IMG/right_2018_10_26_23_55_10_556.jpg,-0.35,0,0,12.27749
/opt/carnd_p3/data/starter/IMG/center_2018_10_26_23_55_10_636.jpg,/opt/carnd_p3/data/starter/IMG/left_2018_10_26_23_55_10_636.jpg,/opt/carnd_p3/data/starter/IMG/right_2018_10_26_23_55_10_636.jpg,-0.5500001,0,0,12.05252
/opt/carnd_p3/data/starter/IMG/center_2018_10_26_23_55_10_720.jpg,/opt/carnd_p3/data/starter/IMG/left_2018_10_26_23_55_10_720.jpg,/opt/carnd_p3/data/starter/IMG/right_2018_10_26_23_55_10_720.jpg,-0.3839457,0,0,11.92758
/opt/carnd_p3/data/starter/IMG/center_2018_10_26_23_55_10_805.jpg,/opt/carnd_p3/data/starter/IMG/left_2018_10_26_23_55_10_805.jpg,/opt/carnd_p3/data/starter/IMG/right_2018_10_26_23_55_10_805.jpg,-0.1227179,0,0,11.74876
/opt/carnd_p3/data/starter/IMG/center_2018_10_26_23_55_10_894.jpg,/opt/carnd_p3/data/starter/IMG/left_2018_10_26_23_55_10_894.jpg,/opt/carnd_p3/data/starter/IMG/right_2018_10_26_23_55_10_894.jpg,-0.3727179,0,0,11.83621
/opt/carnd_p3/data/starter/IMG/center_2018_10_26_23_55_10_984.jpg,/opt/carnd_p3/data/starter/IMG/left_2018_10_26_23_55_10_984.jpg,/opt/carnd_p3/data/starter/IMG/right_2018_10_26_23_55_10_984.jpg,-0.5727179,0,0,11.68698
/opt/carnd_p3/data/starter/IMG/center_2018_10_26_23_55_11_075.jpg,/opt/carnd_p3/data/starter/IMG/left_2018_10_26_23_55_11_075.jpg,/opt/carnd_p3/data/starter/IMG/right_2018_10_26_23_55_11_075.jpg,-0.5610995,0,0,11.29131
/opt/carnd_p3/data/starter/IMG/center_2018_10_26_23_55_11_167.jpg,/opt/carnd_p3/data/starter/IMG/left_2018_10_26_23_55_11_167.jpg,/opt/carnd_p3/data/starter/IMG/right_2018_10_26_23_55_11_167.jpg,-0.2865665,0,0,11.25937
/opt/carnd_p3/data/starter/IMG/center_2018_10_26_23_55_11_260.jpg,/opt/carnd_p3/data/starter/IMG/left_2018_10_26_23_55_11_260.jpg,/opt/carnd_p3/data/starter/IMG/right_2018_10_26_23_55_11_260.jpg,-0.006717682,0,0,11.23658
/opt/carnd_p3/data/starter/IMG/center_2018_10_26_23_55_11_357.jpg,/opt/carnd_p3/data/starter/IMG/left_2018_10_26_23_55_11_357.jpg,/opt/carnd_p3/data/starter/IMG/right_2018_10_26_23_55_11_357.jpg,0,0,0,11.16047
/opt/carnd_p3/data/starter/IMG/center_2018_10_26_23_55_11_443.jpg,/opt/carnd_p3/data/starter/IMG/left_2018_10_26_23_55_11_443.jpg,/opt/carnd_p3/data/starter/IMG/right_2018_10_26_23_55_11_443.jpg,-0.2,0,0,11.03882
/opt/carnd_p3/data/starter/IMG/center_2018_10_26_23_55_11_539.jpg,/opt/carnd_p3/data/starter/IMG/left_2018_10_26_23_55_11_539.jpg,/opt/carnd_p3/data/starter/IMG/right_2018_10_26_23_55_11_539.jpg,0,0,0,10.94815
/opt/carnd_p3/data/starter/IMG/center_2018_10_26_23_55_11_630.jpg,/opt/carnd_p3/data/starter/IMG/left_2018_10_26_23_55_11_630.jpg,/opt/carnd_p3/data/starter/IMG/right_2018_10_26_23_55_11_630.jpg,0,0,0,10.83773
/opt/carnd_p3/data/starter/IMG/center_2018_10_26_23_55_11_724.jpg,/opt/carnd_p3/data/starter/IMG/left_2018_10_26_23_55_11_724.jpg,/opt/carnd_p3/data/starter/IMG/right_2018_10_26_23_55_11_724.jpg,0,0,0,10.7289
/opt/carnd_p3/data/starter/IMG/center_2018_10_26_23_55_11_816.jpg,/opt/carnd_p3/data/starter/IMG/left_2018_10_26_23_55_11_816.jpg,/opt/carnd_p3/data/starter/IMG/right_2018_10_26_23_55_11_816.jpg,0,0,0,10.64266
/opt/carnd_p3/data/starter/IMG/center_2018_10_26_23_55_11_908.jpg,/opt/carnd_p3/data/starter/IMG/left_2018_10_26_23_55_11_908.jpg,/opt/carnd_p3/data/starter/IMG/right_2018_10_26_23_55_11_908.jpg,0,0,0,10.53584
/opt/carnd_p3/data/starter/IMG/center_2018_10_26_23_55_11_996.jpg,/opt/carnd_p3/data/starter/IMG/left_2018_10_26_23_55_11_996.jpg,/opt/carnd_p3/data/starter/IMG/right_2018_10_26_23_55_11_996.jpg,0,0,0,10.45116
/opt/carnd_p3/data/starter/IMG/center_2018_10_26_23_55_12_086.jpg,/opt/carnd_p3/data/starter/IMG/left_2018_10_26_23_55_12_086.jpg,/opt/carnd_p3/data/starter/IMG/right_2018_10_26_23_55_12_086.jpg,0,0,0,10.34614
/opt/carnd_p3/data/starter/IMG/center_2018_10_26_23_55_12_175.jpg,/opt/carnd_p3/data/starter/IMG/left_2018_10_26_23_55_12_175.jpg,/opt/carnd_p3/data/starter/IMG/right_2018_10_26_23_55_12_175.jpg,0,0,0,10.26298
/opt/carnd_p3/data/starter/IMG/center_2018_10_26_23_55_12_265.jpg,/opt/carnd_p3/data/starter/IMG/left_2018_10_26_23_55_12_265.jpg,/opt/carnd_p3/data/starter/IMG/right_2018_10_26_23_55_12_265.jpg,0,0,0,10.15997
/opt/carnd_p3/data/starter/IMG/center_2018_10_26_23_55_12_356.jpg,/opt/carnd_p3/data/starter/IMG/left_2018_10_26_23_55_12_356.jpg,/opt/carnd_p3/data/starter/IMG/right_2018_10_26_23_55_12_356.jpg,0,0,0,10.07831
/opt/carnd_p3/data/starter/IMG/center_2018_10_26_23_55_12_454.jpg,/opt/carnd_p3/data/starter/IMG/left_2018_10_26_23_55_12_454.jpg,/opt/carnd_p3/data/starter/IMG/right_2018_10_26_23_55_12_454.jpg,0,0,0,9.977159
/opt/carnd_p3/data/starter/IMG/center_2018_10_26_23_55_12_551.jpg,/opt/carnd_p3/data/starter/IMG/left_2018_10_26_23_55_12_551.jpg,/opt/carnd_p3/data/starter/IMG/right_2018_10_26_23_55_12_551.jpg,-0.1,0,0,9.874715
/opt/carnd_p3/data/starter/IMG/center_2018_10_26_23_55_12_646.jpg,/opt/carnd_p3/data/starter/IMG/left_2018_10_26_23_55_12_646.jpg,/opt/carnd_p3/data/starter/IMG/right_2018_10_26_23_55_12_646.jpg,-0.35,0,0,9.739724
/opt/carnd_p3/data/starter/IMG/center_2018_10_26_23_55_12_713.jpg,/opt/carnd_p3/data/starter/IMG/left_2018_10_26_23_55_12_713.jpg,/opt/carnd_p3/data/starter/IMG/right_2018_10_26_23_55_12_713.jpg,-0.1784399,0,0,9.679834
/opt/carnd_p3/data/starter/IMG/center_2018_10_26_23_55_12_810.jpg,/opt/carnd_p3/data/starter/IMG/left_2018_10_26_23_55_12_810.jpg,/opt/carnd_p3/data/starter/IMG/right_2018_10_26_23_55_12_810.jpg,0,0,0,9.577538
/opt/carnd_p3/data/starter/IMG/center_2018_10_26_23_55_12_903.jpg,/opt/carnd_p3/data/starter/IMG/left_2018_10_26_23_55_12_903.jpg,/opt/carnd_p3/data/starter/IMG/right_2018_10_26_23_55_12_903.jpg,0,0,0,9.480426
/opt/carnd_p3/data/starter/IMG/center_2018_10_26_23_55_12_971.jpg,/opt/carnd_p3/data/starter/IMG/left_2018_10_26_23_55_12_971.jpg,/opt/carnd_p3/data/starter/IMG/right_2018_10_26_23_55_12_971.jpg,0,0,0,9.423162
/opt/carnd_p3/data/starter/IMG/center_2018_10_26_23_55_13_067.jpg,/opt/carnd_p3/data/starter/IMG/left_2018_10_26_23_55_13_067.jpg,/opt/carnd_p3/data/starter/IMG/right_2018_10_26_23_55_13_067.jpg,0,0,0,9.32857
/opt/carnd_p3/data/starter/IMG/center_2018_10_26_23_55_13_163.jpg,/opt/carnd_p3/data/starter/IMG/left_2018_10_26_23_55_13_163.jpg,/opt/carnd_p3/data/starter/IMG/right_2018_10_26_23_55_13_163.jpg,0,0,0,9.234942
/opt/carnd_p3/data/starter/IMG/center_2018_10_26_23_55_13_261.jpg,/opt/carnd_p3/data/starter/IMG/left_2018_10_26_23_55_13_261.jpg,/opt/carnd_p3/data/starter/IMG/right_2018_10_26_23_55_13_261.jpg,0,0,0,9.160717
/opt/carnd_p3/data/starter/IMG/center_2018_10_26_23_55_13_355.jpg,/opt/carnd_p3/data/starter/IMG/left_2018_10_26_23_55_13_355.jpg,/opt/carnd_p3/data/starter/IMG/right_2018_10_26_23_55_13_355.jpg,0,0,0,9.068773
/opt/carnd_p3/data/starter/IMG/center_2018_10_26_23_55_13_445.jpg,/opt/carnd_p3/data/starter/IMG/left_2018_10_26_23_55_13_445.jpg,/opt/carnd_p3/data/starter/IMG/right_2018_10_26_23_55_13_445.jpg,0,0,0,8.977753
/opt/carnd_p3/data/starter/IMG/center_2018_10_26_23_55_13_537.jpg,/opt/carnd_p3/data/starter/IMG/left_2018_10_26_23_55_13_537.jpg,/opt/carnd_p3/data/starter/IMG/right_2018_10_26_23_55_13_537.jpg,0,0,0,8.905597
/opt/carnd_p3/data/starter/IMG/center_2018_10_26_23_55_13_627.jpg,/opt/carnd_p3/data/starter/IMG/left_2018_10_26_23_55_13_627.jpg,/opt/carnd_p3/data/starter/IMG/right_2018_10_26_23_55_13_627.jpg,0,0,0,8.81622
/opt/carnd_p3/data/starter/IMG/center_2018_10_26_23_55_13_718.jpg,/opt/carnd_p3/data/starter/IMG/left_2018_10_26_23_55_13_718.jpg,/opt/carnd_p3/data/starter/IMG/right_2018_10_26_23_55_13_718.jpg,0,0.2753398,0,8.902542
/opt/carnd_p3/data/starter/IMG/center_2018_10_26_23_55_13_814.jpg,/opt/carnd_p3/data/starter/IMG/left_2018_10_26_23_55_13_814.jpg,/opt/carnd_p3/data/starter/IMG/right_2018_10_26_23_55_13_814.jpg,0,0.56148,0,9.356957
/opt/carnd_p3/data/starter/IMG/center_2018_10_26_23_55_13_908.jpg,/opt/carnd_p3/data/starter/IMG/left_2018_10_26_23_55_13_908.jpg,/opt/carnd_p3/data/starter/IMG/right_2018_10_26_23_55_13_908.jpg,0,0.2790871,0,9.737329
/opt/carnd_p3/data/starter/IMG/center_2018_10_26_23_55_14_001.jpg,/opt/carnd_p3/data/starter/IMG/left_2018_10_26_23_55_14_001.jpg,/opt/carnd_p3/data/starter/IMG/right_2018_10_26_23_55_14_001.jpg,0,9.298325E-06,0,9.769914
/opt/carnd_p3/data/starter/IMG/center_2018_10_26_23_55_14_090.jpg,/opt/carnd_p3/data/starter/IMG/left_2018_10_26_23_55_14_090.jpg,/opt/carnd_p3/data/starter/IMG/right_2018_10_26_23_55_14_090.jpg,-0.15,0,0,9.66605
/opt/carnd_p3/data/starter/IMG/center_2018_10_26_23_55_14_184.jpg,/opt/carnd_p3/data/starter/IMG/left_2018_10_26_23_55_14_184.jpg,/opt/carnd_p3/data/starter/IMG/right_2018_10_26_23_55_14_184.jpg,-0.4,0,0,9.525057
/opt/carnd_p3/data/starter/IMG/center_2018_10_26_23_55_14_280.jpg,/opt/carnd_p3/data/starter/IMG/left_2018_10_26_23_55_14_280.jpg,/opt/carnd_p3/data/starter/IMG/right_2018_10_26_23_55_14_280.jpg,-0.3586407,0,0,9.41848
/opt/carnd_p3/data/starter/IMG/center_2018_10_26_23_55_14_374.jpg,/opt/carnd_p3/data/starter/IMG/left_2018_10_26_23_55_14_374.jpg,/opt/carnd_p3/data/starter/IMG/right_2018_10_26_23_55_14_374.jpg,-0.07641578,0,0,9.327783
/opt/carnd_p3/data/starter/IMG/center_2018_10_26_23_55_14_472.jpg,/opt/carnd_p3/data/starter/IMG/left_2018_10_26_23_55_14_472.jpg,/opt/carnd_p3/data/starter/IMG/right_2018_10_26_23_55_14_472.jpg,0,0,0,9.22446
/opt/carnd_p3/data/starter/IMG/center_2018_10_26_23_55_14_564.jpg,/opt/carnd_p3/data/starter/IMG/left_2018_10_26_23_55_14_564.jpg,/opt/carnd_p3/data/starter/IMG/right_2018_10_26_23_55_14_564.jpg,0,0,0,9.13136
/opt/carnd_p3/data/starter/IMG/center_2018_10_26_23_55_14_657.jpg,/opt/carnd_p3/data/starter/IMG/left_2018_10_26_23_55_14_657.jpg,/opt/carnd_p3/data/starter/IMG/right_2018_10_26_23_55_14_657.jpg,0,0,0,9.057935
/opt/carnd_p3/data/starter/IMG/center_2018_10_26_23_55_14_751.jpg,/opt/carnd_p3/data/starter/IMG/left_2018_10_26_23_55_14_751.jpg,/opt/carnd_p3/data/starter/IMG/right_2018_10_26_23_55_14_751.jpg,0,0,0,8.967021
/opt/carnd_p3/data/starter/IMG/center_2018_10_26_23_55_14_845.jpg,/opt/carnd_p3/data/starter/IMG/left_2018_10_26_23_55_14_845.jpg,/opt/carnd_p3/data/starter/IMG/right_2018_10_26_23_55_14_845.jpg,-0.1,0,0,8.874785
/opt/carnd_p3/data/starter/IMG/center_2018_10_26_23_55_14_937.jpg,/opt/carnd_p3/data/starter/IMG/left_2018_10_26_23_55_14_937.jpg,/opt/carnd_p3/data/starter/IMG/right_2018_10_26_23_55_14_937.jpg,-0.3,0,0,8.780449
/opt/carnd_p3/data/starter/IMG/center_2018_10_26_23_55_15_034.jpg,/opt/carnd_p3/data/starter/IMG/left_2018_10_26_23_55_15_034.jpg,/opt/carnd_p3/data/starter/IMG/right_2018_10_26_23_55_15_034.jpg,-0.2714345,0,0,8.668065
/opt/carnd_p3/data/starter/IMG/center_2018_10_26_23_55_15_134.jpg,/opt/carnd_p3/data/starter/IMG/left_2018_10_26_23_55_15_134.jpg,/opt/carnd_p3/data/starter/IMG/right_2018_10_26_23_55_15_134.jpg,0,0,0,8.57601
/opt/carnd_p3/data/starter/IMG/center_2018_10_26_23_55_15_201.jpg,/opt/carnd_p3/data/starter/IMG/left_2018_10_26_23_55_15_201.jpg,/opt/carnd_p3/data/starter/IMG/right_2018_10_26_23_55_15_201.jpg,0,0,0,8.52233
/opt/carnd_p3/data/starter/IMG/center_2018_10_26_23_55_15_304.jpg,/opt/carnd_p3/data/starter/IMG/left_2018_10_26_23_55_15_304.jpg,/opt/carnd_p3/data/starter/IMG/right_2018_10_26_23_55_15_304.jpg,0,0,0,8.419432
/opt/carnd_p3/data/starter/IMG/center_2018_10_26_23_55_15_403.jpg,/opt/carnd_p3/data/starter/IMG/left_2018_10_26_23_55_15_403.jpg,/opt/carnd_p3/data/starter/IMG/right_2018_10_26_23_55_15_403.jpg,0,0,0,8.334919
/opt/carnd_p3/data/starter/IMG/center_2018_10_26_23_55_15_502.jpg,/opt/carnd_p3/data/starter/IMG/left_2018_10_26_23_55_15_502.jpg,/opt/carnd_p3/data/starter/IMG/right_2018_10_26_23_55_15_502.jpg,0,0,0,8.26793
/opt/carnd_p3/data/starter/IMG/center_2018_10_26_23_55_15_574.jpg,/opt/carnd_p3/data/starter/IMG/left_2018_10_26_23_55_15_574.jpg,/opt/carnd_p3/data/starter/IMG/right_2018_10_26_23_55_15_574.jpg,-0.2,0,0,8.191554
/opt/carnd_p3/data/starter/IMG/center_2018_10_26_23_55_15_668.jpg,/opt/carnd_p3/data/starter/IMG/left_2018_10_26_23_55_15_668.jpg,/opt/carnd_p3/data/starter/IMG/right_2018_10_26_23_55_15_668.jpg,-0.3172317,0,0,8.080667
/opt/carnd_p3/data/starter/IMG/center_2018_10_26_23_55_15_767.jpg,/opt/carnd_p3/data/starter/IMG/left_2018_10_26_23_55_15_767.jpg,/opt/carnd_p3/data/starter/IMG/right_2018_10_26_23_55_15_767.jpg,-0.02109575,0,0,7.997158
/opt/carnd_p3/data/starter/IMG/center_2018_10_26_23_55_15_840.jpg,/opt/carnd_p3/data/starter/IMG/left_2018_10_26_23_55_15_840.jpg,/opt/carnd_p3/data/starter/IMG/right_2018_10_26_23_55_15_840.jpg,0,0,0,7.946806
/opt/carnd_p3/data/starter/IMG/center_2018_10_26_23_55_15_914.jpg,/opt/carnd_p3/data/starter/IMG/left_2018_10_26_23_55_15_914.jpg,/opt/carnd_p3/data/starter/IMG/right_2018_10_26_23_55_15_914.jpg,0,0,0,7.882597
/opt/carnd_p3/data/starter/IMG/center_2018_10_26_23_55_16_012.jpg,/opt/carnd_p3/data/starter/IMG/left_2018_10_26_23_55_16_012.jpg,/opt/carnd_p3/data/starter/IMG/right_2018_10_26_23_55_16_012.jpg,0,0,0,7.803456
/opt/carnd_p3/data/starter/IMG/center_2018_10_26_23_55_16_081.jpg,/opt/carnd_p3/data/starter/IMG/left_2018_10_26_23_55_16_081.jpg,/opt/carnd_p3/data/starter/IMG/right_2018_10_26_23_55_16_081.jpg,0,0,0,7.75637
/opt/carnd_p3/data/starter/IMG/center_2018_10_26_23_55_16_154.jpg,/opt/carnd_p3/data/starter/IMG/left_2018_10_26_23_55_16_154.jpg,/opt/carnd_p3/data/starter/IMG/right_2018_10_26_23_55_16_154.jpg,-0.1,0,0,7.692004
/opt/carnd_p3/data/starter/IMG/center_2018_10_26_23_55_16_258.jpg,/opt/carnd_p3/data/starter/IMG/left_2018_10_26_23_55_16_258.jpg,/opt/carnd_p3/data/starter/IMG/right_2018_10_26_23_55_16_258.jpg,-0.1916342,0,0,7.599916
/opt/carnd_p3/data/starter/IMG/center_2018_10_26_23_55_16_328.jpg,/opt/carnd_p3/data/starter/IMG/left_2018_10_26_23_55_16_328.jpg,/opt/carnd_p3/data/starter/IMG/right_2018_10_26_23_55_16_328.jpg,0,0,0,7.536781
/opt/carnd_p3/data/starter/IMG/center_2018_10_26_23_55_16_428.jpg,/opt/carnd_p3/data/starter/IMG/left_2018_10_26_23_55_16_428.jpg,/opt/carnd_p3/data/starter/IMG/right_2018_10_26_23_55_16_428.jpg,0,0,0,7.46032
/opt/carnd_p3/data/starter/IMG/center_2018_10_26_23_55_16_531.jpg,/opt/carnd_p3/data/starter/IMG/left_2018_10_26_23_55_16_531.jpg,/opt/carnd_p3/data/starter/IMG/right_2018_10_26_23_55_16_531.jpg,0,0,0,7.385417
/opt/carnd_p3/data/starter/IMG/center_2018_10_26_23_55_16_602.jpg,/opt/carnd_p3/data/starter/IMG/left_2018_10_26_23_55_16_602.jpg,/opt/carnd_p3/data/starter/IMG/right_2018_10_26_23_55_16_602.jpg,0,0,0,7.340855
/opt/carnd_p3/data/starter/IMG/center_2018_10_26_23_55_16_676.jpg,/opt/carnd_p3/data/starter/IMG/left_2018_10_26_23_55_16_676.jpg,/opt/carnd_p3/data/starter/IMG/right_2018_10_26_23_55_16_676.jpg,-0.2,0,0,7.27281
/opt/carnd_p3/data/starter/IMG/center_2018_10_26_23_55_16_747.jpg,/opt/carnd_p3/data/starter/IMG/left_2018_10_26_23_55_16_747.jpg,/opt/carnd_p3/data/starter/IMG/right_2018_10_26_23_55_16_747.jpg,-0.4,0,0,7.185086
/opt/carnd_p3/data/starter/IMG/center_2018_10_26_23_55_16_823.jpg,/opt/carnd_p3/data/starter/IMG/left_2018_10_26_23_55_16_823.jpg,/opt/carnd_p3/data/starter/IMG/right_2018_10_26_23_55_16_823.jpg,-0.2109132,0,0,7.127658
/opt/carnd_p3/data/starter/IMG/center_2018_10_26_23_55_16_909.jpg,/opt/carnd_p3/data/starter/IMG/left_2018_10_26_23_55_16_909.jpg,/opt/carnd_p3/data/starter/IMG/right_2018_10_26_23_55_16_909.jpg,0,0,0,7.062406
/opt/carnd_p3/data/starter/IMG/center_2018_10_26_23_55_16_979.jpg,/opt/carnd_p3/data/starter/IMG/left_2018_10_26_23_55_16_979.jpg,/opt/carnd_p3/data/starter/IMG/right_2018_10_26_23_55_16_979.jpg,0,0,0,7.018964
/opt/carnd_p3/data/starter/IMG/center_2018_10_26_23_55_17_051.jpg,/opt/carnd_p3/data/starter/IMG/left_2018_10_26_23_55_17_051.jpg,/opt/carnd_p3/data/starter/IMG/right_2018_10_26_23_55_17_051.jpg,0,0,0,6.962438
/opt/carnd_p3/data/starter/IMG/center_2018_10_26_23_55_17_120.jpg,/opt/carnd_p3/data/starter/IMG/left_2018_10_26_23_55_17_120.jpg,/opt/carnd_p3/data/starter/IMG/right_2018_10_26_23_55_17_120.jpg,0,0.1030326,0,6.939129
/opt/carnd_p3/data/starter/IMG/center_2018_10_26_23_55_17_191.jpg,/opt/carnd_p3/data/starter/IMG/left_2018_10_26_23_55_17_191.jpg,/opt/carnd_p3/data/starter/IMG/right_2018_10_26_23_55_17_191.jpg,0,0.313164,0,7.12667
/opt/carnd_p3/data/starter/IMG/center_2018_10_26_23_55_17_257.jpg,/opt/carnd_p3/data/starter/IMG/left_2018_10_26_23_55_17_257.jpg,/opt/carnd_p3/data/starter/IMG/right_2018_10_26_23_55_17_257.jpg,0,0.3121769,0,7.36045
/opt/carnd_p3/data/starter/IMG/center_2018_10_26_23_55_17_358.jpg,/opt/carnd_p3/data/starter/IMG/left_2018_10_26_23_55_17_358.jpg,/opt/carnd_p3/data/starter/IMG/right_2018_10_26_23_55_17_358.jpg,0,0.01128888,0,7.465971
/opt/carnd_p3/data/starter/IMG/center_2018_10_26_23_55_17_461.jpg,/opt/carnd_p3/data/starter/IMG/left_2018_10_26_23_55_17_461.jpg,/opt/carnd_p3/data/starter/IMG/right_2018_10_26_23_55_17_461.jpg,0,0,0,7.39183
/opt/carnd_p3/data/starter/IMG/center_2018_10_26_23_55_17_528.jpg,/opt/carnd_p3/data/starter/IMG/left_2018_10_26_23_55_17_528.jpg,/opt/carnd_p3/data/starter/IMG/right_2018_10_26_23_55_17_528.jpg,0,0,0,7.332425
/opt/carnd_p3/data/starter/IMG/center_2018_10_26_23_55_17_597.jpg,/opt/carnd_p3/data/starter/IMG/left_2018_10_26_23_55_17_597.jpg,/opt/carnd_p3/data/starter/IMG/right_2018_10_26_23_55_17_597.jpg,0,0,0,7.288185
/opt/carnd_p3/data/starter/IMG/center_2018_10_26_23_55_17_664.jpg,/opt/carnd_p3/data/starter/IMG/left_2018_10_26_23_55_17_664.jpg,/opt/carnd_p3/data/starter/IMG/right_2018_10_26_23_55_17_664.jpg,0,0,0,7.229611
/opt/carnd_p3/data/starter/IMG/center_2018_10_26_23_55_17_731.jpg,/opt/carnd_p3/data/starter/IMG/left_2018_10_26_23_55_17_731.jpg,/opt/carnd_p3/data/starter/IMG/right_2018_10_26_23_55_17_731.jpg,0,0,0,7.185991
/opt/carnd_p3/data/starter/IMG/center_2018_10_26_23_55_17_798.jpg,/opt/carnd_p3/data/starter/IMG/left_2018_10_26_23_55_17_798.jpg,/opt/carnd_p3/data/starter/IMG/right_2018_10_26_23_55_17_798.jpg,0,0,0,7.142633
/opt/carnd_p3/data/starter/IMG/center_2018_10_26_23_55_17_867.jpg,/opt/carnd_p3/data/starter/IMG/left_2018_10_26_23_55_17_867.jpg,/opt/carnd_p3/data/starter/IMG/right_2018_10_26_23_55_17_867.jpg,0,0,0,7.085231
/opt/carnd_p3/data/starter/IMG/center_2018_10_26_23_55_17_934.jpg,/opt/carnd_p3/data/starter/IMG/left_2018_10_26_23_55_17_934.jpg,/opt/carnd_p3/data/starter/IMG/right_2018_10_26_23_55_17_934.jpg,0,0,0,7.042483
/opt/carnd_p3/data/starter/IMG/center_2018_10_26_23_55_18_008.jpg,/opt/carnd_p3/data/starter/IMG/left_2018_10_26_23_55_18_008.jpg,/opt/carnd_p3/data/starter/IMG/right_2018_10_26_23_55_18_008.jpg,0,0.2204282,0,7.135152
/opt/carnd_p3/data/starter/IMG/center_2018_10_26_23_55_18_107.jpg,/opt/carnd_p3/data/starter/IMG/left_2018_10_26_23_55_18_107.jpg,/opt/carnd_p3/data/starter/IMG/right_2018_10_26_23_55_18_107.jpg,0,0.1142106,0,7.308617
/opt/carnd_p3/data/starter/IMG/center_2018_10_26_23_55_18_208.jpg,/opt/carnd_p3/data/starter/IMG/left_2018_10_26_23_55_18_208.jpg,/opt/carnd_p3/data/starter/IMG/right_2018_10_26_23_55_18_208.jpg,0,0,0,7.245913
/opt/carnd_p3/data/starter/IMG/center_2018_10_26_23_55_18_274.jpg,/opt/carnd_p3/data/starter/IMG/left_2018_10_26_23_55_18_274.jpg,/opt/carnd_p3/data/starter/IMG/right_2018_10_26_23_55_18_274.jpg,-0.15,0,0,7.197362
/opt/carnd_p3/data/starter/IMG/center_2018_10_26_23_55_18_371.jpg,/opt/carnd_p3/data/starter/IMG/left_2018_10_26_23_55_18_371.jpg,/opt/carnd_p3/data/starter/IMG/right_2018_10_26_23_55_18_371.jpg,-0.4,0,0,7.092042
/opt/carnd_p3/data/starter/IMG/center_2018_10_26_23_55_18_470.jpg,/opt/carnd_p3/data/starter/IMG/left_2018_10_26_23_55_18_470.jpg,/opt/carnd_p3/data/starter/IMG/right_2018_10_26_23_55_18_470.jpg,-0.3799145,0,0,6.997898
/opt/carnd_p3/data/starter/IMG/center_2018_10_26_23_55_18_569.jpg,/opt/carnd_p3/data/starter/IMG/left_2018_10_26_23_55_18_569.jpg,/opt/carnd_p3/data/starter/IMG/right_2018_10_26_23_55_18_569.jpg,-0.08310914,0,0,6.928917
/opt/carnd_p3/data/starter/IMG/center_2018_10_26_23_55_18_636.jpg,/opt/carnd_p3/data/starter/IMG/left_2018_10_26_23_55_18_636.jpg,/opt/carnd_p3/data/starter/IMG/right_2018_10_26_23_55_18_636.jpg,0,0,0,6.881795
/opt/carnd_p3/data/starter/IMG/center_2018_10_26_23_55_18_702.jpg,/opt/carnd_p3/data/starter/IMG/left_2018_10_26_23_55_18_702.jpg,/opt/carnd_p3/data/starter/IMG/right_2018_10_26_23_55_18_702.jpg,0,0,0,6.82584
/opt/carnd_p3/data/starter/IMG/center_2018_10_26_23_55_18_779.jpg,/opt/carnd_p3/data/starter/IMG/left_2018_10_26_23_55_18_779.jpg,/opt/carnd_p3/data/starter/IMG/right_2018_10_26_23_55_18_779.jpg,0,0,0,6.784616
/opt/carnd_p3/data/starter/IMG/center_2018_10_26_23_55_18_846.jpg,/opt/carnd_p3/data/starter/IMG/left_2018_10_26_23_55_18_846.jpg,/opt/carnd_p3/data/starter/IMG/right_2018_10_26_23_55_18_846.jpg,0,0,0,6.730083
/opt/carnd_p3/data/starter/IMG/center_2018_10_26_23_55_18_914.jpg,/opt/carnd_p3/data/starter/IMG/left_2018_10_26_23_55_18_914.jpg,/opt/carnd_p3/data/starter/IMG/right_2018_10_26_23_55_18_914.jpg,-0.15,0,0,6.684941
/opt/carnd_p3/data/starter/IMG/center_2018_10_26_23_55_18_982.jpg,/opt/carnd_p3/data/starter/IMG/left_2018_10_26_23_55_18_982.jpg,/opt/carnd_p3/data/starter/IMG/right_2018_10_26_23_55_18_982.jpg,-0.3,0,0,6.629342
/opt/carnd_p3/data/starter/IMG/center_2018_10_26_23_55_19_083.jpg,/opt/carnd_p3/data/starter/IMG/left_2018_10_26_23_55_19_083.jpg,/opt/carnd_p3/data/starter/IMG/right_2018_10_26_23_55_19_083.jpg,-0.1063828,0,0,6.544023
/opt/carnd_p3/data/starter/IMG/center_2018_10_26_23_55_19_150.jpg,/opt/carnd_p3/data/starter/IMG/left_2018_10_26_23_55_19_150.jpg,/opt/carnd_p3/data/starter/IMG/right_2018_10_26_23_55_19_150.jpg,0,0,0,6.500276
/opt/carnd_p3/data/starter/IMG/center_2018_10_26_23_55_19_249.jpg,/opt/carnd_p3/data/starter/IMG/left_2018_10_26_23_55_19_249.jpg,/opt/carnd_p3/data/starter/IMG/right_2018_10_26_23_55_19_249.jpg,0,0,0,6.434537
/opt/carnd_p3/data/starter/IMG/center_2018_10_26_23_55_19_319.jpg,/opt/carnd_p3/data/starter/IMG/left_2018_10_26_23_55_19_319.jpg,/opt/carnd_p3/data/starter/IMG/right_2018_10_26_23_55_19_319.jpg,-0.1,0,0,6.394042
/opt/carnd_p3/data/starter/IMG/center_2018_10_26_23_55_19_415.jpg,/opt/carnd_p3/data/starter/IMG/left_2018_10_26_23_55_19_415.jpg,/opt/carnd_p3/data/starter/IMG/right_2018_10_26_23_55_19_415.jpg,-0.35,0,0,6.306052
/opt/carnd_p3/data/starter/IMG/center_2018_10_26_23_55_19_484.jpg,/opt/carnd_p3/data/starter/IMG/left_2018_10_26_23_55_19_484.jpg,/opt/carnd_p3/data/starter/IMG/right_2018_10_26_23_55_19_484.jpg,-0.4106011,0,0,6.234369
/opt/carnd_p3/data/starter/IMG/center_2018_10_26_23_55_19_581.jpg,/opt/carnd_p3/data/starter/IMG/left_2018_10_26_23_55_19_581.jpg,/opt/carnd_p3/data/starter/IMG/right_2018_10_26_23_55_19_581.jpg,-0.1176088,0,0,6.187755
/opt/carnd_p3/data/starter/IMG/center_2018_10_26_23_55_19_655.jpg,/opt/carnd_p3/data/starter/IMG/left_2018_10_26_23_55_19_655.jpg,/opt/carnd_p3/data/starter/IMG/right_2018_10_26_23_55_19_655.jpg,0,0,0,6.130307
/opt/carnd_p3/data/starter/IMG/center_2018_10_26_23_55_19_725.jpg,/opt/carnd_p3/data/starter/IMG/left_2018_10_26_23_55_19_725.jpg,/opt/carnd_p3/data/starter/IMG/right_2018_10_26_23_55_19_725.jpg,0,0,0,6.080668
/opt/carnd_p3/data/starter/IMG/center_2018_10_26_23_55_19_795.jpg,/opt/carnd_p3/data/starter/IMG/left_2018_10_26_23_55_19_795.jpg,/opt/carnd_p3/data/starter/IMG/right_2018_10_26_23_55_19_795.jpg,0,0,0,6.043963
/opt/carnd_p3/data/starter/IMG/center_2018_10_26_23_55_19_867.jpg,/opt/carnd_p3/data/starter/IMG/left_2018_10_26_23_55_19_867.jpg,/opt/carnd_p3/data/starter/IMG/right_2018_10_26_23_55_19_867.jpg,-0.2,0,0,5.98772
/opt/carnd_p3/data/starter/IMG/center_2018_10_26_23_55_19_937.jpg,/opt/carnd_p3/data/starter/IMG/left_2018_10_26_23_55_19_937.jpg,/opt/carnd_p3/data/starter/IMG/right_2018_10_26_23_55_19_937.jpg,-0.001316786,0,0,5.950835
/opt/carnd_p3/data/starter/IMG/center_2018_10_26_23_55_20_006.jpg,/opt/carnd_p3/data/starter/IMG/left_2018_10_26_23_55_20_006.jpg,/opt/carnd_p3/data/starter/IMG/right_2018_10_26_23_55_20_006.jpg,0,0,0,5.902144
/opt/carnd_p3/data/starter/IMG/center_2018_10_26_23_55_20_077.jpg,/opt/carnd_p3/data/starter/IMG/left_2018_10_26_23_55_20_077.jpg,/opt/carnd_p3/data/starter/IMG/right_2018_10_26_23_55_20_077.jpg,0,0,0,5.866495
/opt/carnd_p3/data/starter/IMG/center_2018_10_26_23_55_20_144.jpg,/opt/carnd_p3/data/starter/IMG/left_2018_10_26_23_55_20_144.jpg,/opt/carnd_p3/data/starter/IMG/right_2018_10_26_23_55_20_144.jpg,0,0,0,5.819345
/opt/carnd_p3/data/starter/IMG/center_2018_10_26_23_55_20_212.jpg,/opt/carnd_p3/data/starter/IMG/left_2018_10_26_23_55_20_212.jpg,/opt/carnd_p3/data/starter/IMG/right_2018_10_26_23_55_20_212.jpg,0,0,0,5.784234
/opt/carnd_p3/data/starter/IMG/center_2018_10_26_23_55_20_280.jpg,/opt/carnd_p3/data/starter/IMG/left_2018_10_26_23_55_20_280.jpg,/opt/carnd_p3/data/starter/IMG/right_2018_10_26_23_55_20_280.jpg,0,0,0,5.749335
/opt/carnd_p3/data/starter/IMG/center_2018_10_26_23_55_20_351.jpg,/opt/carnd_p3/data/starter/IMG/left_2018_10_26_23_55_20_351.jpg,/opt/carnd_p3/data/starter/IMG/right_2018_10_26_23_55_20_351.jpg,0,0.1039889,0,5.748318
/opt/carnd_p3/data/starter/IMG/center_2018_10_26_23_55_20_449.jpg,/opt/carnd_p3/data/starter/IMG/left_2018_10_26_23_55_20_449.jpg,/opt/carnd_p3/data/starter/IMG/right_2018_10_26_23_55_20_449.jpg,0,0.3995311,0,6.041777
/opt/carnd_p3/data/starter/IMG/center_2018_10_26_23_55_20_549.jpg,/opt/carnd_p3/data/starter/IMG/left_2018_10_26_23_55_20_549.jpg,/opt/carnd_p3/data/starter/IMG/right_2018_10_26_23_55_20_549.jpg,0,0.6981118,0,6.712318
/opt/carnd_p3/data/starter/IMG/center_2018_10_26_23_55_20_615.jpg,/opt/carnd_p3/data/starter/IMG/left_2018_10_26_23_55_20_615.jpg,/opt/carnd_p3/data/starter/IMG/right_2018_10_26_23_55_20_615.jpg,0,0.7038753,0,7.230292
/opt/carnd_p3/data/starter/IMG/center_2018_10_26_23_55_20_712.jpg,/opt/carnd_p3/data/starter/IMG/left_2018_10_26_23_55_20_712.jpg,/opt/carnd_p3/data/starter/IMG/right_2018_10_26_23_55_20_712.jpg,0,0.4144535,0,7.792195
/opt/carnd_p3/data/starter/IMG/center_2018_10_26_23_55_20_779.jpg,/opt/carnd_p3/data/starter/IMG/left_2018_10_26_23_55_20_779.jpg,/opt/carnd_p3/data/starter/IMG/right_2018_10_26_23_55_20_779.jpg,0,0.2130332,0,7.960739
/opt/carnd_p3/data/starter/IMG/center_2018_10_26_23_55_20_877.jpg,/opt/carnd_p3/data/starter/IMG/left_2018_10_26_23_55_20_877.jpg,/opt/carnd_p3/data/starter/IMG/right_2018_10_26_23_55_20_877.jpg,-0.1,0,0,7.95967
/opt/carnd_p3/data/starter/IMG/center_2018_10_26_23_55_20_947.jpg,/opt/carnd_p3/data/starter/IMG/left_2018_10_26_23_55_20_947.jpg,/opt/carnd_p3/data/starter/IMG/right_2018_10_26_23_55_20_947.jpg,-0.3,0,0,7.874701
/opt/carnd_p3/data/starter/IMG/center_2018_10_26_23_55_21_044.jpg,/opt/carnd_p3/data/starter/IMG/left_2018_10_26_23_55_21_044.jpg,/opt/carnd_p3/data/starter/IMG/right_2018_10_26_23_55_21_044.jpg,-0.4239235,0,0,7.7578
/opt/carnd_p3/data/starter/IMG/center_2018_10_26_23_55_21_113.jpg,/opt/carnd_p3/data/starter/IMG/left_2018_10_26_23_55_21_113.jpg,/opt/carnd_p3/data/starter/IMG/right_2018_10_26_23_55_21_113.jpg,-0.2193089,0,0,7.715325
/opt/carnd_p3/data/starter/IMG/center_2018_10_26_23_55_21_181.jpg,/opt/carnd_p3/data/starter/IMG/left_2018_10_26_23_55_21_181.jpg,/opt/carnd_p3/data/starter/IMG/right_2018_10_26_23_55_21_181.jpg,-0.01247692,0,0,7.664735
/opt/carnd_p3/data/starter/IMG/center_2018_10_26_23_55_21_249.jpg,/opt/carnd_p3/data/starter/IMG/left_2018_10_26_23_55_21_249.jpg,/opt/carnd_p3/data/starter/IMG/right_2018_10_26_23_55_21_249.jpg,0,0,0,7.598963
/opt/carnd_p3/data/starter/IMG/center_2018_10_26_23_55_21_318.jpg,/opt/carnd_p3/data/starter/IMG/left_2018_10_26_23_55_21_318.jpg,/opt/carnd_p3/data/starter/IMG/right_2018_10_26_23_55_21_318.jpg,-0.05,0,0,7.552663
/opt/carnd_p3/data/starter/IMG/center_2018_10_26_23_55_21_418.jpg,/opt/carnd_p3/data/starter/IMG/left_2018_10_26_23_55_21_418.jpg,/opt/carnd_p3/data/starter/IMG/right_2018_10_26_23_55_21_418.jpg,-0.193737,0,0,7.462727
/opt/carnd_p3/data/starter/IMG/center_2018_10_26_23_55_21_488.jpg,/opt/carnd_p3/data/starter/IMG/left_2018_10_26_23_55_21_488.jpg,/opt/carnd_p3/data/starter/IMG/right_2018_10_26_23_55_21_488.jpg,0,0,0,7.400853
/opt/carnd_p3/data/starter/IMG/center_2018_10_26_23_55_21_558.jpg,/opt/carnd_p3/data/starter/IMG/left_2018_10_26_23_55_21_558.jpg,/opt/carnd_p3/data/starter/IMG/right_2018_10_26_23_55_21_558.jpg,0,0,0,7.355469
/opt/carnd_p3/data/starter/IMG/center_2018_10_26_23_55_21_625.jpg,/opt/carnd_p3/data/starter/IMG/left_2018_10_26_23_55_21_625.jpg,/opt/carnd_p3/data/starter/IMG/right_2018_10_26_23_55_21_625.jpg,0,0,0,7.296244
/opt/carnd_p3/data/starter/IMG/center_2018_10_26_23_55_21_692.jpg,/opt/carnd_p3/data/starter/IMG/left_2018_10_26_23_55_21_692.jpg,/opt/carnd_p3/data/starter/IMG/right_2018_10_26_23_55_21_692.jpg,0,0,0,7.252212
/opt/carnd_p3/data/starter/IMG/center_2018_10_26_23_55_21_760.jpg,/opt/carnd_p3/data/starter/IMG/left_2018_10_26_23_55_21_760.jpg,/opt/carnd_p3/data/starter/IMG/right_2018_10_26_23_55_21_760.jpg,0,0,0,7.208452
/opt/carnd_p3/data/starter/IMG/center_2018_10_26_23_55_21_860.jpg,/opt/carnd_p3/data/starter/IMG/left_2018_10_26_23_55_21_860.jpg,/opt/carnd_p3/data/starter/IMG/right_2018_10_26_23_55_21_860.jpg,0,0,0,7.136109
/opt/carnd_p3/data/starter/IMG/center_2018_10_26_23_55_21_931.jpg,/opt/carnd_p3/data/starter/IMG/left_2018_10_26_23_55_21_931.jpg,/opt/carnd_p3/data/starter/IMG/right_2018_10_26_23_55_21_931.jpg,0,0.210582,0,7.218994
/opt/carnd_p3/data/starter/IMG/center_2018_10_26_23_55_22_034.jpg,/opt/carnd_p3/data/starter/IMG/left_2018_10_26_23_55_22_034.jpg,/opt/carnd_p3/data/starter/IMG/right_2018_10_26_23_55_22_034.jpg,0,0.5193443,0,7.629913
/opt/carnd_p3/data/starter/IMG/center_2018_10_26_23_55_22_103.jpg,/opt/carnd_p3/data/starter/IMG/left_2018_10_26_23_55_22_103.jpg,/opt/carnd_p3/data/starter/IMG/right_2018_10_26_23_55_22_103.jpg,0,0.7256906,0,8.205184
/opt/carnd_p3/data/starter/IMG/center_2018_10_26_23_55_22_170.jpg,/opt/carnd_p3/data/starter/IMG/left_2018_10_26_23_55_22_170.jpg,/opt/carnd_p3/data/starter/IMG/right_2018_10_26_23_55_22_170.jpg,0,0.926724,0,8.791707
/opt/carnd_p3/data/starter/IMG/center_2018_10_26_23_55_22_237.jpg,/opt/carnd_p3/data/starter/IMG/left_2018_10_26_23_55_22_237.jpg,/opt/carnd_p3/data/starter/IMG/right_2018_10_26_23_55_22_237.jpg,0,0.890518,0,9.414824
/opt/carnd_p3/data/starter/IMG/center_2018_10_26_23_55_22_336.jpg,/opt/carnd_p3/data/starter/IMG/left_2018_10_26_23_55_22_336.jpg,/opt/carnd_p3/data/starter/IMG/right_2018_10_26_23_55_22_336.jpg,0,0.5957654,0,10.20529
/opt/carnd_p3/data/starter/IMG/center_2018_10_26_23_55_22_403.jpg,/opt/carnd_p3/data/starter/IMG/left_2018_10_26_23_55_22_403.jpg,/opt/carnd_p3/data/starter/IMG/right_2018_10_26_23_55_22_403.jpg,0,0.3945253,0,10.57223
/opt/carnd_p3/data/starter/IMG/center_2018_10_26_23_55_22_500.jpg,/opt/carnd_p3/data/starter/IMG/left_2018_10_26_23_55_22_500.jpg,/opt/carnd_p3/data/starter/IMG/right_2018_10_26_23_55_22_500.jpg,0,0.1033754,0,10.71004
/opt/carnd_p3/data/starter/IMG/center_2018_10_26_23_55_22_567.jpg,/opt/carnd_p3/data/starter/IMG/left_2018_10_26_23_55_22_567.jpg,/opt/carnd_p3/data/starter/IMG/right_2018_10_26_23_55_22_567.jpg,0,0,0,10.6331
/opt/carnd_p3/data/starter/IMG/center_2018_10_26_23_55_22_642.jpg,/opt/carnd_p3/data/starter/IMG/left_2018_10_26_23_55_22_642.jpg,/opt/carnd_p3/data/starter/IMG/right_2018_10_26_23_55_22_642.jpg,-0.1,0,0,10.56657
/opt/carnd_p3/data/starter/IMG/center_2018_10_26_23_55_22_710.jpg,/opt/carnd_p3/data/starter/IMG/left_2018_10_26_23_55_22_710.jpg,/opt/carnd_p3/data/starter/IMG/right_2018_10_26_23_55_22_710.jpg,-0.3,0,0,10.45509
/opt/carnd_p3/data/starter/IMG/center_2018_10_26_23_55_22_780.jpg,/opt/carnd_p3/data/starter/IMG/left_2018_10_26_23_55_22_780.jpg,/opt/carnd_p3/data/starter/IMG/right_2018_10_26_23_55_22_780.jpg,-0.1205127,0,0,10.38919
/opt/carnd_p3/data/starter/IMG/center_2018_10_26_23_55_22_881.jpg,/opt/carnd_p3/data/starter/IMG/left_2018_10_26_23_55_22_881.jpg,/opt/carnd_p3/data/starter/IMG/right_2018_10_26_23_55_22_881.jpg,0,0,0,10.2794
/opt/carnd_p3/data/starter/IMG/center_2018_10_26_23_55_22_951.jpg,/opt/carnd_p3/data/starter/IMG/left_2018_10_26_23_55_22_951.jpg,/opt/carnd_p3/data/starter/IMG/right_2018_10_26_23_55_22_951.jpg,0,0,0,10.19619
/opt/carnd_p3/data/starter/IMG/center_2018_10_26_23_55_23_019.jpg,/opt/carnd_p3/data/starter/IMG/left_2018_10_26_23_55_23_019.jpg,/opt/carnd_p3/data/starter/IMG/right_2018_10_26_23_55_23_019.jpg,0,0,0,10.13459
/opt/carnd_p3/data/starter/IMG/center_2018_10_26_23_55_23_121.jpg,/opt/carnd_p3/data/starter/IMG/left_2018_10_26_23_55_23_121.jpg,/opt/carnd_p3/data/starter/IMG/right_2018_10_26_23_55_23_121.jpg,0,0,0,10.03285
/opt/carnd_p3/data/starter/IMG/center_2018_10_26_23_55_23_190.jpg,/opt/carnd_p3/data/starter/IMG/left_2018_10_26_23_55_23_190.jpg,/opt/carnd_p3/data/starter/IMG/right_2018_10_26_23_55_23_190.jpg,0,0,0,9.952152
/opt/carnd_p3/data/starter/IMG/center_2018_10_26_23_55_23_257.jpg,/opt/carnd_p3/data/starter/IMG/left_2018_10_26_23_55_23_257.jpg,/opt/carnd_p3/data/starter/IMG/right_2018_10_26_23_55_23_257.jpg,-0.1,0,0,9.889821
/opt/carnd_p3/data/starter/IMG/center_2018_10_26_23_55_23_325.jpg,/opt/carnd_p3/data/starter/IMG/left_2018_10_26_23_55_23_325.jpg,/opt/carnd_p3/data/starter/IMG/right_2018_10_26_23_55_23_325.jpg,-0.09524918,0,0,9.801343
/opt/carnd_p3/data/starter/IMG/center_2018_10_26_23_55_23_424.jpg,/opt/carnd_p3/data/starter/IMG/left_2018_10_26_23_55_23_424.jpg,/opt/carnd_p3/data/starter/IMG/right_2018_10_26_23_55_23_424.jpg,0,0,0,9.700952
/opt/carnd_p3/data/starter/IMG/center_2018_10_26_23_55_23_524.jpg,/opt/carnd_p3/data/starter/IMG/left_2018_10_26_23_55_23_524.jpg,/opt/carnd_p3/data/starter/IMG/right_2018_10_26_23_55_23_524.jpg,0,0,0,9.603439
/opt/carnd_p3/data/starter/IMG/center_2018_10_26_23_55_23_596.jpg,/opt/carnd_p3/data/starter/IMG/left_2018_10_26_23_55_23_596.jpg,/opt/carnd_p3/data/starter/IMG/right_2018_10_26_23_55_23_596.jpg,-0.1,0,0,9.543414
/opt/carnd_p3/data/starter/IMG/center_2018_10_26_23_55_23_694.jpg,/opt/carnd_p3/data/starter/IMG/left_2018_10_26_23_55_23_694.jpg,/opt/carnd_p3/data/starter/IMG/right_2018_10_26_23_55_23_694.jpg,-0.35,0,0,9.413285
/opt/carnd_p3/data/starter/IMG/center_2018_10_26_23_55_23_762.jpg,/opt/carnd_p3/data/starter/IMG/left_2018_10_26_23_55_23_762.jpg,/opt/carnd_p3/data/starter/IMG/right_2018_10_26_23_55_23_762.jpg,-0.2030039,0,0,9.350839
/opt/carnd_p3/data/starter/IMG/center_2018_10_26_23_55_23_839.jpg,/opt/carnd_p3/data/starter/IMG/left_2018_10_26_23_55_23_839.jpg,/opt/carnd_p3/data/starter/IMG/right_2018_10_26_23_55_23_839.jpg,0,0,0,9.269718
/opt/carnd_p3/data/starter/IMG/center_2018_10_26_23_55_23_911.jpg,/opt/carnd_p3/data/starter/IMG/left_2018_10_26_23_55_23_911.jpg,/opt/carnd_p3/data/starter/IMG/right_2018_10_26_23_55_23_911.jpg,0,0,0,9.193204
/opt/carnd_p3/data/starter/IMG/center_2018_10_26_23_55_23_980.jpg,/opt/carnd_p3/data/starter/IMG/left_2018_10_26_23_55_23_980.jpg,/opt/carnd_p3/data/starter/IMG/right_2018_10_26_23_55_23_980.jpg,0,0,0,9.137542
/opt/carnd_p3/data/starter/IMG/center_2018_10_26_23_55_24_048.jpg,/opt/carnd_p3/data/starter/IMG/left_2018_10_26_23_55_24_048.jpg,/opt/carnd_p3/data/starter/IMG/right_2018_10_26_23_55_24_048.jpg,-0.2,0,0,9.054586
/opt/carnd_p3/data/starter/IMG/center_2018_10_26_23_55_24_123.jpg,/opt/carnd_p3/data/starter/IMG/left_2018_10_26_23_55_24_123.jpg,/opt/carnd_p3/data/starter/IMG/right_2018_10_26_23_55_24_123.jpg,-0.2083683,0,0,8.965974
/opt/carnd_p3/data/starter/IMG/center_2018_10_26_23_55_24_194.jpg,/opt/carnd_p3/data/starter/IMG/left_2018_10_26_23_55_24_194.jpg,/opt/carnd_p3/data/starter/IMG/right_2018_10_26_23_55_24_194.jpg,0,0,0,8.90761
/opt/carnd_p3/data/starter/IMG/center_2018_10_26_23_55_24_263.jpg,/opt/carnd_p3/data/starter/IMG/left_2018_10_26_23_55_24_263.jpg,/opt/carnd_p3/data/starter/IMG/right_2018_10_26_23_55_24_263.jpg,0,0,0,8.834219
/opt/carnd_p3/data/starter/IMG/center_2018_10_26_23_55_24_335.jpg,/opt/carnd_p3/data/starter/IMG/left_2018_10_26_23_55_24_335.jpg,/opt/carnd_p3/data/starter/IMG/right_2018_10_26_23_55_24_335.jpg,0,0,0,8.780751
/opt/carnd_p3/data/starter/IMG/center_2018_10_26_23_55_24_410.jpg,/opt/carnd_p3/data/starter/IMG/left_2018_10_26_23_55_24_410.jpg,/opt/carnd_p3/data/starter/IMG/right_2018_10_26_23_55_24_410.jpg,-0.1,0,0,8.708233
/opt/carnd_p3/data/starter/IMG/center_2018_10_26_23_55_24_483.jpg,/opt/carnd_p3/data/starter/IMG/left_2018_10_26_23_55_24_483.jpg,/opt/carnd_p3/data/starter/IMG/right_2018_10_26_23_55_24_483.jpg,-0.3,0,0,8.616095
/opt/carnd_p3/data/starter/IMG/center_2018_10_26_23_55_24_552.jpg,/opt/carnd_p3/data/starter/IMG/left_2018_10_26_23_55_24_552.jpg,/opt/carnd_p3/data/starter/IMG/right_2018_10_26_23_55_24_552.jpg,-0.45,0,0,8.531715
/opt/carnd_p3/data/starter/IMG/center_2018_10_26_23_55_24_624.jpg,/opt/carnd_p3/data/starter/IMG/left_2018_10_26_23_55_24_624.jpg,/opt/carnd_p3/data/starter/IMG/right_2018_10_26_23_55_24_624.jpg,-0.3224552,0,0,8.455398
/opt/carnd_p3/data/starter/IMG/center_2018_10_26_23_55_24_696.jpg,/opt/carnd_p3/data/starter/IMG/left_2018_10_26_23_55_24_696.jpg,/opt/carnd_p3/data/starter/IMG/right_2018_10_26_23_55_24_696.jpg,-0.1063828,0,0,8.403612
/opt/carnd_p3/data/starter/IMG/center_2018_10_26_23_55_24_766.jpg,/opt/carnd_p3/data/starter/IMG/left_2018_10_26_23_55_24_766.jpg,/opt/carnd_p3/data/starter/IMG/right_2018_10_26_23_55_24_766.jpg,-0.3063829,0,0,8.330637
/opt/carnd_p3/data/starter/IMG/center_2018_10_26_23_55_24_838.jpg,/opt/carnd_p3/data/starter/IMG/left_2018_10_26_23_55_24_838.jpg,/opt/carnd_p3/data/starter/IMG/right_2018_10_26_23_55_24_838.jpg,-0.3116283,0,0,8.271751
/opt/carnd_p3/data/starter/IMG/center_2018_10_26_23_55_24_906.jpg,/opt/carnd_p3/data/starter/IMG/left_2018_10_26_23_55_24_906.jpg,/opt/carnd_p3/data/starter/IMG/right_2018_10_26_23_55_24_906.jpg,-0.1052792,0,0,8.207189
/opt/carnd_p3/data/starter/IMG/center_2018_10_26_23_55_24_975.jpg,/opt/carnd_p3/data/starter/IMG/left_2018_10_26_23_55_24_975.jpg,/opt/carnd_p3/data/starter/IMG/right_2018_10_26_23_55_24_975.jpg,0,0,0,8.151932
/opt/carnd_p3/data/starter/IMG/center_2018_10_26_23_55_25_042.jpg,/opt/carnd_p3/data/starter/IMG/left_2018_10_26_23_55_25_042.jpg,/opt/carnd_p3/data/starter/IMG/right_2018_10_26_23_55_25_042.jpg,-0.05,0,0,8.101906
/opt/carnd_p3/data/starter/IMG/center_2018_10_26_23_55_25_110.jpg,/opt/carnd_p3/data/starter/IMG/left_2018_10_26_23_55_25_110.jpg,/opt/carnd_p3/data/starter/IMG/right_2018_10_26_23_55_25_110.jpg,-0.1020155,0,0,8.033063
/opt/carnd_p3/data/starter/IMG/center_2018_10_26_23_55_25_209.jpg,/opt/carnd_p3/data/starter/IMG/left_2018_10_26_23_55_25_209.jpg,/opt/carnd_p3/data/starter/IMG/right_2018_10_26_23_55_25_209.jpg,0,0,0,7.9509
/opt/carnd_p3/data/starter/IMG/center_2018_10_26_23_55_25_306.jpg,/opt/carnd_p3/data/starter/IMG/left_2018_10_26_23_55_25_306.jpg,/opt/carnd_p3/data/starter/IMG/right_2018_10_26_23_55_25_306.jpg,0,0,0,7.871024
/opt/carnd_p3/data/starter/IMG/center_2018_10_26_23_55_25_374.jpg,/opt/carnd_p3/data/starter/IMG/left_2018_10_26_23_55_25_374.jpg,/opt/carnd_p3/data/starter/IMG/right_2018_10_26_23_55_25_374.jpg,0,0,0,7.823528
/opt/carnd_p3/data/starter/IMG/center_2018_10_26_23_55_25_441.jpg,/opt/carnd_p3/data/starter/IMG/left_2018_10_26_23_55_25_441.jpg,/opt/carnd_p3/data/starter/IMG/right_2018_10_26_23_55_25_441.jpg,0,0,0,7.776322
/opt/carnd_p3/data/starter/IMG/center_2018_10_26_23_55_25_541.jpg,/opt/carnd_p3/data/starter/IMG/left_2018_10_26_23_55_25_541.jpg,/opt/carnd_p3/data/starter/IMG/right_2018_10_26_23_55_25_541.jpg,0,0,0,7.698279
/opt/carnd_p3/data/starter/IMG/center_2018_10_26_23_55_25_641.jpg,/opt/carnd_p3/data/starter/IMG/left_2018_10_26_23_55_25_641.jpg,/opt/carnd_p3/data/starter/IMG/right_2018_10_26_23_55_25_641.jpg,0,0,0,7.621018
/opt/carnd_p3/data/starter/IMG/center_2018_10_26_23_55_25_709.jpg,/opt/carnd_p3/data/starter/IMG/left_2018_10_26_23_55_25_709.jpg,/opt/carnd_p3/data/starter/IMG/right_2018_10_26_23_55_25_709.jpg,0,0,0,7.559767
/opt/carnd_p3/data/starter/IMG/center_2018_10_26_23_55_25_776.jpg,/opt/carnd_p3/data/starter/IMG/left_2018_10_26_23_55_25_776.jpg,/opt/carnd_p3/data/starter/IMG/right_2018_10_26_23_55_25_776.jpg,0,0,0,7.514154
/opt/carnd_p3/data/starter/IMG/center_2018_10_26_23_55_25_847.jpg,/opt/carnd_p3/data/starter/IMG/left_2018_10_26_23_55_25_847.jpg,/opt/carnd_p3/data/starter/IMG/right_2018_10_26_23_55_25_847.jpg,0,0,0,7.453695
/opt/carnd_p3/data/starter/IMG/center_2018_10_26_23_55_25_950.jpg,/opt/carnd_p3/data/starter/IMG/left_2018_10_26_23_55_25_950.jpg,/opt/carnd_p3/data/starter/IMG/right_2018_10_26_23_55_25_950.jpg,0,0,0,7.378832
/opt/carnd_p3/data/starter/IMG/center_2018_10_26_23_55_26_021.jpg,/opt/carnd_p3/data/starter/IMG/left_2018_10_26_23_55_26_021.jpg,/opt/carnd_p3/data/starter/IMG/right_2018_10_26_23_55_26_021.jpg,0,0,0,7.334311
/opt/carnd_p3/data/starter/IMG/center_2018_10_26_23_55_26_091.jpg,/opt/carnd_p3/data/starter/IMG/left_2018_10_26_23_55_26_091.jpg,/opt/carnd_p3/data/starter/IMG/right_2018_10_26_23_55_26_091.jpg,0,0,0,7.275368
/opt/carnd_p3/data/starter/IMG/center_2018_10_26_23_55_26_160.jpg,/opt/carnd_p3/data/starter/IMG/left_2018_10_26_23_55_26_160.jpg,/opt/carnd_p3/data/starter/IMG/right_2018_10_26_23_55_26_160.jpg,0,0,0,7.231471
/opt/carnd_p3/data/starter/IMG/center_2018_10_26_23_55_26_232.jpg,/opt/carnd_p3/data/starter/IMG/left_2018_10_26_23_55_26_232.jpg,/opt/carnd_p3/data/starter/IMG/right_2018_10_26_23_55_26_232.jpg,0,0,0,7.173353
/opt/carnd_p3/data/starter/IMG/center_2018_10_26_23_55_26_302.jpg,/opt/carnd_p3/data/starter/IMG/left_2018_10_26_23_55_26_302.jpg,/opt/carnd_p3/data/starter/IMG/right_2018_10_26_23_55_26_302.jpg,0,0,0,7.130071
/opt/carnd_p3/data/starter/IMG/center_2018_10_26_23_55_26_372.jpg,/opt/carnd_p3/data/starter/IMG/left_2018_10_26_23_55_26_372.jpg,/opt/carnd_p3/data/starter/IMG/right_2018_10_26_23_55_26_372.jpg,0,0,0,7.072767
/opt/carnd_p3/data/starter/IMG/center_2018_10_26_23_55_26_440.jpg,/opt/carnd_p3/data/starter/IMG/left_2018_10_26_23_55_26_440.jpg,/opt/carnd_p3/data/starter/IMG/right_2018_10_26_23_55_26_440.jpg,0,0,0,7.030092
/opt/carnd_p3/data/starter/IMG/center_2018_10_26_23_55_26_511.jpg,/opt/carnd_p3/data/starter/IMG/left_2018_10_26_23_55_26_511.jpg,/opt/carnd_p3/data/starter/IMG/right_2018_10_26_23_55_26_511.jpg,-0.1,0,0,6.971645
/opt/carnd_p3/data/starter/IMG/center_2018_10_26_23_55_26_578.jpg,/opt/carnd_p3/data/starter/IMG/left_2018_10_26_23_55_26_578.jpg,/opt/carnd_p3/data/starter/IMG/right_2018_10_26_23_55_26_578.jpg,-0.25,0,0,6.917395
/opt/carnd_p3/data/starter/IMG/center_2018_10_26_23_55_26_647.jpg,/opt/carnd_p3/data/starter/IMG/left_2018_10_26_23_55_26_647.jpg,/opt/carnd_p3/data/starter/IMG/right_2018_10_26_23_55_26_647.jpg,-0.3067467,0,0,6.844248
/opt/carnd_p3/data/starter/IMG/center_2018_10_26_23_55_26_716.jpg,/opt/carnd_p3/data/starter/IMG/left_2018_10_26_23_55_26_716.jpg,/opt/carnd_p3/data/starter/IMG/right_2018_10_26_23_55_26_716.jpg,-0.09973168,0,0,6.803386
/opt/carnd_p3/data/starter/IMG/center_2018_10_26_23_55_26_787.jpg,/opt/carnd_p3/data/starter/IMG/left_2018_10_26_23_55_26_787.jpg,/opt/carnd_p3/data/starter/IMG/right_2018_10_26_23_55_26_787.jpg,0,0,0,6.743434
/opt/carnd_p3/data/starter/IMG/center_2018_10_26_23_55_26_884.jpg,/opt/carnd_p3/data/starter/IMG/left_2018_10_26_23_55_26_884.jpg,/opt/carnd_p3/data/starter/IMG/right_2018_10_26_23_55_26_884.jpg,0,0,0,6.675467
/opt/carnd_p3/data/starter/IMG/center_2018_10_26_23_55_26_956.jpg,/opt/carnd_p3/data/starter/IMG/left_2018_10_26_23_55_26_956.jpg,/opt/carnd_p3/data/starter/IMG/right_2018_10_26_23_55_26_956.jpg,0,0,0,6.63518
/opt/carnd_p3/data/starter/IMG/center_2018_10_26_23_55_27_024.jpg,/opt/carnd_p3/data/starter/IMG/left_2018_10_26_23_55_27_024.jpg,/opt/carnd_p3/data/starter/IMG/right_2018_10_26_23_55_27_024.jpg,0,0,0,6.581852
/opt/carnd_p3/data/starter/IMG/center_2018_10_26_23_55_27_120.jpg,/opt/carnd_p3/data/starter/IMG/left_2018_10_26_23_55_27_120.jpg,/opt/carnd_p3/data/starter/IMG/right_2018_10_26_23_55_27_120.jpg,0,0,0,6.528957
/opt/carnd_p3/data/starter/IMG/center_2018_10_26_23_55_27_219.jpg,/opt/carnd_p3/data/starter/IMG/left_2018_10_26_23_55_27_219.jpg,/opt/carnd_p3/data/starter/IMG/right_2018_10_26_23_55_27_219.jpg,-0.25,0,0,6.450107
/opt/carnd_p3/data/starter/IMG/center_2018_10_26_23_55_27_287.jpg,/opt/carnd_p3/data/starter/IMG/left_2018_10_26_23_55_27_287.jpg,/opt/carnd_p3/data/starter/IMG/right_2018_10_26_23_55_27_287.jpg,-0.45,0,0,6.368438
/opt/carnd_p3/data/starter/IMG/center_2018_10_26_23_55_27_356.jpg,/opt/carnd_p3/data/starter/IMG/left_2018_10_26_23_55_27_356.jpg,/opt/carnd_p3/data/starter/IMG/right_2018_10_26_23_55_27_356.jpg,-0.2942126,0,0,6.330448
/opt/carnd_p3/data/starter/IMG/center_2018_10_26_23_55_27_454.jpg,/opt/carnd_p3/data/starter/IMG/left_2018_10_26_23_55_27_454.jpg,/opt/carnd_p3/data/starter/IMG/right_2018_10_26_23_55_27_454.jpg,0,0,0,6.262495
/opt/carnd_p3/data/starter/IMG/center_2018_10_26_23_55_27_521.jpg,/opt/carnd_p3/data/starter/IMG/left_2018_10_26_23_55_27_521.jpg,/opt/carnd_p3/data/starter/IMG/right_2018_10_26_23_55_27_521.jpg,0,0,0,6.223382
/opt/carnd_p3/data/starter/IMG/center_2018_10_26_23_55_27_590.jpg,/opt/carnd_p3/data/starter/IMG/left_2018_10_26_23_55_27_590.jpg,/opt/carnd_p3/data/starter/IMG/right_2018_10_26_23_55_27_590.jpg,0,0,0,6.173216
/opt/carnd_p3/data/starter/IMG/center_2018_10_26_23_55_27_689.jpg,/opt/carnd_p3/data/starter/IMG/left_2018_10_26_23_55_27_689.jpg,/opt/carnd_p3/data/starter/IMG/right_2018_10_26_23_55_27_689.jpg,0,0,0,6.111255
/opt/carnd_p3/data/starter/IMG/center_2018_10_26_23_55_27_760.jpg,/opt/carnd_p3/data/starter/IMG/left_2018_10_26_23_55_27_760.jpg,/opt/carnd_p3/data/starter/IMG/right_2018_10_26_23_55_27_760.jpg,0,0,0,6.074383
/opt/carnd_p3/data/starter/IMG/center_2018_10_26_23_55_27_858.jpg,/opt/carnd_p3/data/starter/IMG/left_2018_10_26_23_55_27_858.jpg,/opt/carnd_p3/data/starter/IMG/right_2018_10_26_23_55_27_858.jpg,0,0,0,6.013423
/opt/carnd_p3/data/starter/IMG/center_2018_10_26_23_55_27_928.jpg,/opt/carnd_p3/data/starter/IMG/left_2018_10_26_23_55_27_928.jpg,/opt/carnd_p3/data/starter/IMG/right_2018_10_26_23_55_27_928.jpg,0,0,0,5.965097
/opt/carnd_p3/data/starter/IMG/center_2018_10_26_23_55_28_005.jpg,/opt/carnd_p3/data/starter/IMG/left_2018_10_26_23_55_28_005.jpg,/opt/carnd_p3/data/starter/IMG/right_2018_10_26_23_55_28_005.jpg,0,0,0,5.917158
/opt/carnd_p3/data/starter/IMG/center_2018_10_26_23_55_28_073.jpg,/opt/carnd_p3/data/starter/IMG/left_2018_10_26_23_55_28_073.jpg,/opt/carnd_p3/data/starter/IMG/right_2018_10_26_23_55_28_073.jpg,0,0,0,5.881456
/opt/carnd_p3/data/starter/IMG/center_2018_10_26_23_55_28_144.jpg,/opt/carnd_p3/data/starter/IMG/left_2018_10_26_23_55_28_144.jpg,/opt/carnd_p3/data/starter/IMG/right_2018_10_26_23_55_28_144.jpg,0,0,0,5.83419
/opt/carnd_p3/data/starter/IMG/center_2018_10_26_23_55_28_213.jpg,/opt/carnd_p3/data/starter/IMG/left_2018_10_26_23_55_28_213.jpg,/opt/carnd_p3/data/starter/IMG/right_2018_10_26_23_55_28_213.jpg,0,0,0,5.798989
/opt/carnd_p3/data/starter/IMG/center_2018_10_26_23_55_28_281.jpg,/opt/carnd_p3/data/starter/IMG/left_2018_10_26_23_55_28_281.jpg,/opt/carnd_p3/data/starter/IMG/right_2018_10_26_23_55_28_281.jpg,0,0,0,5.764
/opt/carnd_p3/data/starter/IMG/center_2018_10_26_23_55_28_360.jpg,/opt/carnd_p3/data/starter/IMG/left_2018_10_26_23_55_28_360.jpg,/opt/carnd_p3/data/starter/IMG/right_2018_10_26_23_55_28_360.jpg,0,0,0,5.717678
/opt/carnd_p3/data/starter/IMG/center_2018_10_26_23_55_28_431.jpg,/opt/carnd_p3/data/starter/IMG/left_2018_10_26_23_55_28_431.jpg,/opt/carnd_p3/data/starter/IMG/right_2018_10_26_23_55_28_431.jpg,0,0,0,5.671729
/opt/carnd_p3/data/starter/IMG/center_2018_10_26_23_55_28_514.jpg,/opt/carnd_p3/data/starter/IMG/left_2018_10_26_23_55_28_514.jpg,/opt/carnd_p3/data/starter/IMG/right_2018_10_26_23_55_28_514.jpg,0,0,0,5.626147
/opt/carnd_p3/data/starter/IMG/center_2018_10_26_23_55_28_593.jpg,/opt/carnd_p3/data/starter/IMG/left_2018_10_26_23_55_28_593.jpg,/opt/carnd_p3/data/starter/IMG/right_2018_10_26_23_55_28_593.jpg,0,0,0,5.580932
/opt/carnd_p3/data/starter/IMG/center_2018_10_26_23_55_28_675.jpg,/opt/carnd_p3/data/starter/IMG/left_2018_10_26_23_55_28_675.jpg,/opt/carnd_p3/data/starter/IMG/right_2018_10_26_23_55_28_675.jpg,0,0,0,5.536081
/opt/carnd_p3/data/starter/IMG/center_2018_10_26_23_55_28_745.jpg,/opt/carnd_p3/data/starter/IMG/left_2018_10_26_23_55_28_745.jpg,/opt/carnd_p3/data/starter/IMG/right_2018_10_26_23_55_28_745.jpg,0,0,0,5.49159
/opt/carnd_p3/data/starter/IMG/center_2018_10_26_23_55_28_814.jpg,/opt/carnd_p3/data/starter/IMG/left_2018_10_26_23_55_28_814.jpg,/opt/carnd_p3/data/starter/IMG/right_2018_10_26_23_55_28_814.jpg,0,0,0,5.458457
/opt/carnd_p3/data/starter/IMG/center_2018_10_26_23_55_28_887.jpg,/opt/carnd_p3/data/starter/IMG/left_2018_10_26_23_55_28_887.jpg,/opt/carnd_p3/data/starter/IMG/right_2018_10_26_23_55_28_887.jpg,0,0,0,5.414591
/opt/carnd_p3/data/starter/IMG/center_2018_10_26_23_55_28_965.jpg,/opt/carnd_p3/data/starter/IMG/left_2018_10_26_23_55_28_965.jpg,/opt/carnd_p3/data/starter/IMG/right_2018_10_26_23_55_28_965.jpg,0,0,0,5.371076
/opt/carnd_p3/data/starter/IMG/center_2018_10_26_23_55_29_069.jpg,/opt/carnd_p3/data/starter/IMG/left_2018_10_26_23_55_29_069.jpg,/opt/carnd_p3/data/starter/IMG/right_2018_10_26_23_55_29_069.jpg,0,0,0,5.317175
/opt/carnd_p3/data/starter/IMG/center_2018_10_26_23_55_29_137.jpg,/opt/carnd_p3/data/starter/IMG/left_2018_10_26_23_55_29_137.jpg,/opt/carnd_p3/data/starter/IMG/right_2018_10_26_23_55_29_137.jpg,0,0,0,5.285095
/opt/carnd_p3/data/starter/IMG/center_2018_10_26_23_55_29_233.jpg,/opt/carnd_p3/data/starter/IMG/left_2018_10_26_23_55_29_233.jpg,/opt/carnd_p3/data/starter/IMG/right_2018_10_26_23_55_29_233.jpg,0,0,0,5.232057
/opt/carnd_p3/data/starter/IMG/center_2018_10_26_23_55_29_334.jpg,/opt/carnd_p3/data/starter/IMG/left_2018_10_26_23_55_29_334.jpg,/opt/carnd_p3/data/starter/IMG/right_2018_10_26_23_55_29_334.jpg,0,0,0,5.179552
/opt/carnd_p3/data/starter/IMG/center_2018_10_26_23_55_29_402.jpg,/opt/carnd_p3/data/starter/IMG/left_2018_10_26_23_55_29_402.jpg,/opt/carnd_p3/data/starter/IMG/right_2018_10_26_23_55_29_402.jpg,0,0,0,5.148301
/opt/carnd_p3/data/starter/IMG/center_2018_10_26_23_55_29_474.jpg,/opt/carnd_p3/data/starter/IMG/left_2018_10_26_23_55_29_474.jpg,/opt/carnd_p3/data/starter/IMG/right_2018_10_26_23_55_29_474.jpg,0,0,0,5.106928
/opt/carnd_p3/data/starter/IMG/center_2018_10_26_23_55_29_545.jpg,/opt/carnd_p3/data/starter/IMG/left_2018_10_26_23_55_29_545.jpg,/opt/carnd_p3/data/starter/IMG/right_2018_10_26_23_55_29_545.jpg,0,0,0,5.065888
/opt/carnd_p3/data/starter/IMG/center_2018_10_26_23_55_29_615.jpg,/opt/carnd_p3/data/starter/IMG/left_2018_10_26_23_55_29_615.jpg,/opt/carnd_p3/data/starter/IMG/right_2018_10_26_23_55_29_615.jpg,0,0,0,5.035324
/opt/carnd_p3/data/starter/IMG/center_2018_10_26_23_55_29_715.jpg,/opt/carnd_p3/data/starter/IMG/left_2018_10_26_23_55_29_715.jpg,/opt/carnd_p3/data/starter/IMG/right_2018_10_26_23_55_29_715.jpg,0,0,0,4.984794
/opt/carnd_p3/data/starter/IMG/center_2018_10_26_23_55_29_786.jpg,/opt/carnd_p3/data/starter/IMG/left_2018_10_26_23_55_29_786.jpg,/opt/carnd_p3/data/starter/IMG/right_2018_10_26_23_55_29_786.jpg,0,0,0,4.944735
/opt/carnd_p3/data/starter/IMG/center_2018_10_26_23_55_29_856.jpg,/opt/carnd_p3/data/starter/IMG/left_2018_10_26_23_55_29_856.jpg,/opt/carnd_p3/data/starter/IMG/right_2018_10_26_23_55_29_856.jpg,0,0,0,4.914901
/opt/carnd_p3/data/starter/IMG/center_2018_10_26_23_55_29_935.jpg,/opt/carnd_p3/data/starter/IMG/left_2018_10_26_23_55_29_935.jpg,/opt/carnd_p3/data/starter/IMG/right_2018_10_26_23_55_29_935.jpg,0,0,0,4.875404
/opt/carnd_p3/data/starter/IMG/center_2018_10_26_23_55_30_002.jpg,/opt/carnd_p3/data/starter/IMG/left_2018_10_26_23_55_30_002.jpg,/opt/carnd_p3/data/starter/IMG/right_2018_10_26_23_55_30_002.jpg,0,0,0,4.836224
/opt/carnd_p3/data/starter/IMG/center_2018_10_26_23_55_30_101.jpg,/opt/carnd_p3/data/starter/IMG/left_2018_10_26_23_55_30_101.jpg,/opt/carnd_p3/data/starter/IMG/right_2018_10_26_23_55_30_101.jpg,0,0,0,4.79736
/opt/carnd_p3/data/starter/IMG/center_2018_10_26_23_55_30_172.jpg,/opt/carnd_p3/data/starter/IMG/left_2018_10_26_23_55_30_172.jpg,/opt/carnd_p3/data/starter/IMG/right_2018_10_26_23_55_30_172.jpg,0,0,0,4.758808
